Busqueda Lineal Secuencial,1000,322486,0,-1,1,0.0000028610,0.0000000000,0.0000100000
Busqueda Lineal Secuencial,1000,14700764,0,-1,1,0.0000019073,0.0000000000,0.0000030000
Busqueda Lineal Secuencial,1000,3128036,0,-1,1,0.0000019073,0.0000000000,0.0000030000
Busqueda Lineal Secuencial,1000,6337399,0,-1,1,0.0000030994,0.0000000000,0.0000030000
Busqueda Lineal Secuencial,1000,61396,0,-1,1,0.0000030994,0.0000000000,0.0000030000
Busqueda Lineal Secuencial,1000,10393545,0,-1,1,0.0000028610,0.0000000000,0.0000030000
Busqueda Lineal Secuencial,1000,2147445644,0,-1,1,0.0000028610,0.0000000000,0.0000030000
Busqueda Lineal Secuencial,1000,1295390003,0,-1,1,0.0000030994,0.0000000000,0.0000030000
Busqueda Lineal Secuencial,1000,450057883,0,-1,1,0.0000021458,0.0000000000,0.0000030000
Busqueda Lineal Secuencial,1000,187645041,0,-1,1,0.0000030994,0.0000000000,0.0000020000
Busqueda Lineal Secuencial,1000,1980098116,0,-1,1,0.0000028610,0.0000000000,0.0000030000
Busqueda Lineal Secuencial,1000,152503,0,-1,1,0.0000028610,0.0000000000,0.0000030000
Busqueda Lineal Secuencial,1000,5000,0,-1,1,0.0000028610,0.0000030000,0.0000000000
Busqueda Lineal Secuencial,1000,1493283650,0,-1,1,0.0000030994,0.0000030000,0.0000000000
Busqueda Lineal Secuencial,1000,214826,0,-1,1,0.0000190735,0.0000190000,0.0000000000
Busqueda Lineal Secuencial,1000,1843349527,0,-1,1,0.0000030994,0.0000030000,0.0000000000
Busqueda Lineal Secuencial,1000,1360839354,0,-1,1,0.0000028610,0.0000030000,0.0000000000
Busqueda Lineal Secuencial,1000,2109248666,0,-1,1,0.0000030994,0.0000030000,0.0000000000
Busqueda Lineal Secuencial,1000,2147470852,0,-1,1,0.0000028610,0.0000030000,0.0000000000
Busqueda Lineal Secuencial,1000,0,0,-1,1,0.0000028610,0.0000030000,0.0000000000
Busqueda Lineal Secuencial,5000,322486,0,-1,1,0.0000109673,0.0000090000,0.0000100000
Busqueda Lineal Secuencial,5000,14700764,0,-1,1,0.0000100136,0.0000050000,0.0000050000
Busqueda Lineal Secuencial,5000,3128036,0,-1,1,0.0000100136,0.0000060000,0.0000050000
Busqueda Lineal Secuencial,5000,6337399,0,-1,1,0.0000300407,0.0000140000,0.0000150000
Busqueda Lineal Secuencial,5000,61396,0,-1,1,0.0000112057,0.0000060000,0.0000050000
Busqueda Lineal Secuencial,5000,10393545,0,-1,1,0.0000300407,0.0000150000,0.0000160000
Busqueda Lineal Secuencial,5000,2147445644,0,-1,1,0.0000112057,0.0000060000,0.0000050000
Busqueda Lineal Secuencial,5000,1295390003,0,-1,1,0.0000100136,0.0000050000,0.0000060000
Busqueda Lineal Secuencial,5000,450057883,0,-1,1,0.0000240803,0.0000120000,0.0000120000
Busqueda Lineal Secuencial,5000,187645041,0,-1,1,0.0000100136,0.0000050000,0.0000050000
Busqueda Lineal Secuencial,5000,1980098116,0,-1,1,0.0000109673,0.0000050000,0.0000060000
Busqueda Lineal Secuencial,5000,152503,0,-1,1,0.0000240803,0.0000120000,0.0000120000
Busqueda Lineal Secuencial,5000,5000,0,-1,1,0.0000109673,0.0000050000,0.0000060000
Busqueda Lineal Secuencial,5000,1493283650,0,-1,1,0.0000109673,0.0000060000,0.0000050000
Busqueda Lineal Secuencial,5000,214826,0,-1,1,0.0000112057,0.0000050000,0.0000060000
Busqueda Lineal Secuencial,5000,1843349527,0,-1,1,0.0000112057,0.0000050000,0.0000050000
Busqueda Lineal Secuencial,5000,1360839354,0,-1,1,0.0000109673,0.0000050000,0.0000050000
Busqueda Lineal Secuencial,5000,2109248666,0,-1,1,0.0000109673,0.0000060000,0.0000050000
Busqueda Lineal Secuencial,5000,2147470852,0,-1,1,0.0000100136,0.0000050000,0.0000050000
Busqueda Lineal Secuencial,5000,0,0,-1,1,0.0000109673,0.0000050000,0.0000060000
Busqueda Lineal Secuencial,10000,322486,0,-1,1,0.0000360012,0.0000220000,0.0000220000
Busqueda Lineal Secuencial,10000,14700764,0,-1,1,0.0000360012,0.0000180000,0.0000180000
Busqueda Lineal Secuencial,10000,3128036,0,-1,1,0.0000360012,0.0000180000,0.0000190000
Busqueda Lineal Secuencial,10000,6337399,0,-1,1,0.0000360012,0.0000180000,0.0000180000
Busqueda Lineal Secuencial,10000,61396,0,-1,1,0.0000360012,0.0000170000,0.0000180000
Busqueda Lineal Secuencial,10000,10393545,0,-1,1,0.0000209808,0.0000100000,0.0000110000
Busqueda Lineal Secuencial,10000,2147445644,0,-1,1,0.0000219345,0.0000110000,0.0000110000
Busqueda Lineal Secuencial,10000,1295390003,0,-1,1,0.0000231266,0.0000110000,0.0000110000
Busqueda Lineal Secuencial,10000,450057883,0,-1,1,0.0000231266,0.0000110000,0.0000110000
Busqueda Lineal Secuencial,10000,187645041,0,-1,1,0.0000228882,0.0000110000,0.0000110000
Busqueda Lineal Secuencial,10000,1980098116,0,-1,1,0.0000219345,0.0000110000,0.0000110000
Busqueda Lineal Secuencial,10000,152503,0,-1,1,0.0000219345,0.0000110000,0.0000110000
Busqueda Lineal Secuencial,10000,5000,0,-1,1,0.0000219345,0.0000110000,0.0000110000
Busqueda Lineal Secuencial,10000,1493283650,0,-1,1,0.0000221729,0.0000120000,0.0000110000
Busqueda Lineal Secuencial,10000,214826,0,-1,1,0.0000219345,0.0000110000,0.0000120000
Busqueda Lineal Secuencial,10000,1843349527,0,-1,1,0.0000219345,0.0000110000,0.0000110000
Busqueda Lineal Secuencial,10000,1360839354,0,-1,1,0.0000221729,0.0000110000,0.0000110000
Busqueda Lineal Secuencial,10000,2109248666,0,-1,1,0.0000219345,0.0000110000,0.0000110000
Busqueda Lineal Secuencial,10000,2147470852,0,-1,1,0.0000219345,0.0000110000,0.0000110000
Busqueda Lineal Secuencial,10000,0,0,-1,1,0.0000219345,0.0000110000,0.0000110000
Busqueda Lineal Secuencial,50000,322486,0,-1,1,0.0001640320,0.0001470000,0.0000240000
Busqueda Lineal Secuencial,50000,14700764,0,-1,1,0.0001912117,0.0001640000,0.0000280000
Busqueda Lineal Secuencial,50000,3128036,0,-1,1,0.0001780987,0.0001710000,0.0000000000
Busqueda Lineal Secuencial,50000,6337399,0,-1,1,0.0002608299,0.0002610000,0.0000000000
Busqueda Lineal Secuencial,50000,61396,0,-1,1,0.0002179146,0.0002170000,0.0000000000
Busqueda Lineal Secuencial,50000,10393545,0,-1,1,0.0002098083,0.0002100000,0.0000000000
Busqueda Lineal Secuencial,50000,2147445644,0,-1,1,0.0001320839,0.0001260000,0.0000000000
Busqueda Lineal Secuencial,50000,1295390003,0,-1,1,0.0002319813,0.0002310000,0.0000000000
Busqueda Lineal Secuencial,50000,450057883,0,-1,1,0.0001730919,0.0001730000,0.0000000000
Busqueda Lineal Secuencial,50000,187645041,0,-1,1,0.0001370907,0.0001370000,0.0000000000
Busqueda Lineal Secuencial,50000,1980098116,0,-1,1,0.0001399517,0.0001400000,0.0000000000
Busqueda Lineal Secuencial,50000,152503,0,-1,1,0.0001201630,0.0001190000,0.0000000000
Busqueda Lineal Secuencial,50000,5000,0,-1,1,0.0001628399,0.0001560000,0.0000000000
Busqueda Lineal Secuencial,50000,1493283650,0,-1,1,0.0001771450,0.0001770000,0.0000000000
Busqueda Lineal Secuencial,50000,214826,0,-1,1,0.0002150536,0.0002150000,0.0000000000
Busqueda Lineal Secuencial,50000,1843349527,0,-1,1,0.0002100468,0.0002100000,0.0000000000
Busqueda Lineal Secuencial,50000,1360839354,0,-1,1,0.0001361370,0.0001370000,0.0000000000
Busqueda Lineal Secuencial,50000,2109248666,0,-1,1,0.0001258850,0.0001230000,0.0000000000
Busqueda Lineal Secuencial,50000,2147470852,0,-1,1,0.0001881123,0.0001880000,0.0000000000
Busqueda Lineal Secuencial,50000,0,0,-1,1,0.0001718998,0.0001710000,0.0000000000
Busqueda Lineal Secuencial,100000,322486,0,-1,1,0.0003299713,0.0003210000,0.0000280000
Busqueda Lineal Secuencial,100000,14700764,0,-1,1,0.0003058910,0.0002810000,0.0000250000
Busqueda Lineal Secuencial,100000,3128036,0,-1,1,0.0003390312,0.0000000000,0.0003380000
Busqueda Lineal Secuencial,100000,6337399,0,-1,1,0.0004239082,0.0000000000,0.0004240000
Busqueda Lineal Secuencial,100000,61396,0,-1,1,0.0002779961,0.0002130000,0.0000580000
Busqueda Lineal Secuencial,100000,10393545,0,-1,1,0.0003099442,0.0002650000,0.0000440000
Busqueda Lineal Secuencial,100000,2147445644,0,-1,1,0.0002779961,0.0002370000,0.0000390000
Busqueda Lineal Secuencial,100000,1295390003,0,-1,1,0.0002300739,0.0001970000,0.0000320000
Busqueda Lineal Secuencial,100000,450057883,0,-1,1,0.0002210140,0.0000000000,0.0002210000
Busqueda Lineal Secuencial,100000,187645041,0,-1,1,0.0002608299,0.0000000000,0.0002610000
Busqueda Lineal Secuencial,100000,1980098116,0,-1,1,0.0002219677,0.0000000000,0.0002220000
Busqueda Lineal Secuencial,100000,152503,0,-1,1,0.0001938343,0.0000000000,0.0001940000
Busqueda Lineal Secuencial,100000,5000,0,-1,1,0.0003111362,0.0000000000,0.0003100000
Busqueda Lineal Secuencial,100000,1493283650,0,-1,1,0.0002849102,0.0000000000,0.0003090000
Busqueda Lineal Secuencial,100000,214826,0,-1,1,0.0002071857,0.0000000000,0.0002070000
Busqueda Lineal Secuencial,100000,1843349527,0,-1,1,0.0003128052,0.0003090000,0.0000000000
Busqueda Lineal Secuencial,100000,1360839354,0,-1,1,0.0003619194,0.0003620000,0.0000000000
Busqueda Lineal Secuencial,100000,2109248666,0,-1,1,0.0002732277,0.0002320000,0.0000410000
Busqueda Lineal Secuencial,100000,2147470852,0,-1,1,0.0002801418,0.0002750000,0.0000000000
Busqueda Lineal Secuencial,100000,0,0,-1,1,0.0002801418,0.0002800000,0.0000000000
Busqueda Lineal Secuencial,500000,322486,0,-1,1,0.0010850430,0.0010750000,0.0000080000
Busqueda Lineal Secuencial,500000,14700764,0,-1,1,0.0010499954,0.0010380000,0.0000050000
Busqueda Lineal Secuencial,500000,3128036,0,-1,1,0.0010070801,0.0010030000,0.0000010000
Busqueda Lineal Secuencial,500000,6337399,0,-1,1,0.0010011196,0.0009970000,0.0000000000
Busqueda Lineal Secuencial,500000,61396,0,-1,1,0.0010051727,0.0010010000,0.0000000000
Busqueda Lineal Secuencial,500000,10393545,0,-1,1,0.0010600090,0.0010480000,0.0000040000
Busqueda Lineal Secuencial,500000,2147445644,0,-1,1,0.0010609627,0.0010480000,0.0000040000
Busqueda Lineal Secuencial,500000,1295390003,0,-1,1,0.0010459423,0.0010360000,0.0000030000
Busqueda Lineal Secuencial,500000,450057883,0,-1,1,0.0010538101,0.0010440000,0.0000000000
Busqueda Lineal Secuencial,500000,187645041,0,-1,1,0.0010440350,0.0010390000,0.0000000000
Busqueda Lineal Secuencial,500000,1980098116,0,-1,1,0.0010750294,0.0010670000,0.0000000000
Busqueda Lineal Secuencial,500000,152503,0,-1,1,0.0011467934,0.0011170000,0.0000000000
Busqueda Lineal Secuencial,500000,5000,0,-1,1,0.0010559559,0.0010480000,0.0000000000
Busqueda Lineal Secuencial,500000,1493283650,0,-1,1,0.0011579990,0.0011480000,0.0000000000
Busqueda Lineal Secuencial,500000,214826,0,-1,1,0.0010809898,0.0010710000,0.0000000000
Busqueda Lineal Secuencial,500000,1843349527,0,-1,1,0.0010509491,0.0010430000,0.0000000000
Busqueda Lineal Secuencial,500000,1360839354,0,-1,1,0.0010409355,0.0010360000,0.0000000000
Busqueda Lineal Secuencial,500000,2109248666,0,-1,1,0.0010399818,0.0010350000,0.0000000000
Busqueda Lineal Secuencial,500000,2147470852,0,-1,1,0.0010399818,0.0010350000,0.0000000000
Busqueda Lineal Secuencial,500000,0,0,-1,1,0.0010559559,0.0010470000,0.0000000000
Busqueda Lineal Secuencial,1000000,322486,0,-1,1,0.0021870136,0.0021770000,0.0000090000
Busqueda Lineal Secuencial,1000000,14700764,0,-1,1,0.0020558834,0.0020470000,0.0000020000
Busqueda Lineal Secuencial,1000000,3128036,0,-1,1,0.0020449162,0.0020350000,0.0000020000
Busqueda Lineal Secuencial,1000000,6337399,0,-1,1,0.0020642281,0.0020520000,0.0000030000
Busqueda Lineal Secuencial,1000000,61396,0,-1,1,0.0020658970,0.0020520000,0.0000030000
Busqueda Lineal Secuencial,1000000,10393545,0,-1,1,0.0020790100,0.0020660000,0.0000030000
Busqueda Lineal Secuencial,1000000,2147445644,0,-1,1,0.0021109581,0.0020870000,0.0000050000
Busqueda Lineal Secuencial,1000000,1295390003,0,-1,1,0.0020990372,0.0020810000,0.0000040000
Busqueda Lineal Secuencial,1000000,450057883,0,-1,1,0.0021190643,0.0011750000,0.0009340000
Busqueda Lineal Secuencial,1000000,187645041,0,-1,1,0.0021069050,0.0020930000,0.0000050000
Busqueda Lineal Secuencial,1000000,1980098116,0,-1,1,0.0021209717,0.0021000000,0.0000050000
Busqueda Lineal Secuencial,1000000,152503,0,-1,1,0.0021481514,0.0021310000,0.0000060000
Busqueda Lineal Secuencial,1000000,5000,0,-1,1,0.0021009445,0.0020880000,0.0000040000
Busqueda Lineal Secuencial,1000000,1493283650,1,542694,1,0.0011370182,0.0011270000,0.0000050000
Busqueda Lineal Secuencial,1000000,214826,0,-1,1,0.0021030903,0.0020880000,0.0000040000
Busqueda Lineal Secuencial,1000000,1843349527,0,-1,1,0.0021779537,0.0021610000,0.0000000000
Busqueda Lineal Secuencial,1000000,1360839354,0,-1,1,0.0021181107,0.0021050000,0.0000000000
Busqueda Lineal Secuencial,1000000,2109248666,0,-1,1,0.0020949841,0.0020840000,0.0000000000
Busqueda Lineal Secuencial,1000000,2147470852,0,-1,1,0.0021820068,0.0021700000,0.0000000000
Busqueda Lineal Secuencial,1000000,0,0,-1,1,0.0021159649,0.0021050000,0.0000000000
Busqueda Lineal Secuencial,5000000,322486,0,-1,1,0.0102751255,0.0102430000,0.0000090000
Busqueda Lineal Secuencial,5000000,14700764,0,-1,1,0.0119149685,0.0107190000,0.0009780000
Busqueda Lineal Secuencial,5000000,3128036,1,1368035,1,0.0032529831,0.0030220000,0.0000000000
Busqueda Lineal Secuencial,5000000,6337399,0,-1,1,0.0113070011,0.0108620000,0.0000000000
Busqueda Lineal Secuencial,5000000,61396,0,-1,1,0.0115239620,0.0114320000,0.0000000000
Busqueda Lineal Secuencial,5000000,10393545,0,-1,1,0.0109641552,0.0099550000,0.0009600000
Busqueda Lineal Secuencial,5000000,2147445644,0,-1,1,0.0113661289,0.0111730000,0.0000000000
Busqueda Lineal Secuencial,5000000,1295390003,0,-1,1,0.0112669468,0.0111720000,0.0000000000
Busqueda Lineal Secuencial,5000000,450057883,0,-1,1,0.0114800930,0.0113740000,0.0000000000
Busqueda Lineal Secuencial,5000000,187645041,0,-1,1,0.0114879608,0.0113360000,0.0000000000
Busqueda Lineal Secuencial,5000000,1980098116,0,-1,1,0.0108048916,0.0107080000,0.0000000000
Busqueda Lineal Secuencial,5000000,152503,0,-1,1,0.0108251572,0.0107350000,0.0000000000
Busqueda Lineal Secuencial,5000000,5000,0,-1,1,0.0106549263,0.0105700000,0.0000000000
Busqueda Lineal Secuencial,5000000,1493283650,1,542694,1,0.0011949539,0.0011850000,0.0000000000
Busqueda Lineal Secuencial,5000000,214826,0,-1,1,0.0105800629,0.0104940000,0.0000000000
Busqueda Lineal Secuencial,5000000,1843349527,1,2415203,1,0.0053830147,0.0053530000,0.0000000000
Busqueda Lineal Secuencial,5000000,1360839354,0,-1,1,0.0108530521,0.0107280000,0.0000000000
Busqueda Lineal Secuencial,5000000,2109248666,0,-1,1,0.0108368397,0.0107600000,0.0000000000
Busqueda Lineal Secuencial,5000000,2147470852,0,-1,1,0.0108020306,0.0106880000,0.0000000000
Busqueda Lineal Secuencial,5000000,0,0,-1,1,0.0106289387,0.0105360000,0.0000000000
Busqueda Lineal Secuencial,10000000,322486,1,8674905,1,0.0194308758,0.0193210000,0.0000000000
Busqueda Lineal Secuencial,10000000,14700764,0,-1,1,0.0229618549,0.0227400000,0.0000000000
Busqueda Lineal Secuencial,10000000,3128036,1,1368035,1,0.0029160976,0.0029080000,0.0000000000
Busqueda Lineal Secuencial,10000000,6337399,1,6334598,1,0.0156500340,0.0155150000,0.0000000000
Busqueda Lineal Secuencial,10000000,61396,0,-1,1,0.0231590271,0.0220510000,0.0008820000
Busqueda Lineal Secuencial,10000000,10393545,1,6936855,1,0.0155339241,0.0153510000,0.0000240000
Busqueda Lineal Secuencial,10000000,2147445644,0,-1,1,0.0211648941,0.0210260000,0.0000060000
Busqueda Lineal Secuencial,10000000,1295390003,1,8313715,1,0.0176818371,0.0175790000,0.0000000000
Busqueda Lineal Secuencial,10000000,450057883,0,-1,1,0.0211730003,0.0210410000,0.0000000000
Busqueda Lineal Secuencial,10000000,187645041,0,-1,1,0.0211579800,0.0210250000,0.0000000000
Busqueda Lineal Secuencial,10000000,1980098116,0,-1,1,0.0211100578,0.0210030000,0.0000000000
Busqueda Lineal Secuencial,10000000,152503,0,-1,1,0.0211710930,0.0210570000,0.0000000000
Busqueda Lineal Secuencial,10000000,5000,0,-1,1,0.0207419395,0.0206200000,0.0000000000
Busqueda Lineal Secuencial,10000000,1493283650,1,542694,1,0.0011150837,0.0011100000,0.0000000000
Busqueda Lineal Secuencial,10000000,214826,0,-1,1,0.0213069916,0.0212050000,0.0000000000
Busqueda Lineal Secuencial,10000000,1843349527,1,2415203,1,0.0050480366,0.0050270000,0.0000000000
Busqueda Lineal Secuencial,10000000,1360839354,0,-1,1,0.0211901665,0.0211050000,0.0000000000
Busqueda Lineal Secuencial,10000000,2109248666,1,6630039,1,0.0138649940,0.0138080000,0.0000000000
Busqueda Lineal Secuencial,10000000,2147470852,1,7902795,1,0.0166060925,0.0165400000,0.0000000000
Busqueda Lineal Secuencial,10000000,0,0,-1,1,0.0210528374,0.0209560000,0.0000000000
Busqueda Binaria Secuencial,1000,322486,0,-1,1,0.0000009537,0.0000010000,0.0000000000
Busqueda Binaria Secuencial,1000,14700764,0,-1,1,0.0000000000,0.0000010000,0.0000000000
Busqueda Binaria Secuencial,1000,3128036,0,-1,1,0.0000009537,0.0000010000,0.0000000000
Busqueda Binaria Secuencial,1000,6337399,0,-1,1,0.0000011921,0.0000010000,0.0000000000
Busqueda Binaria Secuencial,1000,61396,0,-1,1,0.0000011921,0.0000010000,0.0000000000
Busqueda Binaria Secuencial,1000,10393545,0,-1,1,0.0000011921,0.0000010000,0.0000000000
Busqueda Binaria Secuencial,1000,2147445644,0,-1,1,0.0000009537,0.0000010000,0.0000000000
Busqueda Binaria Secuencial,1000,1295390003,0,-1,1,0.0000000000,0.0000000000,0.0000000000
Busqueda Binaria Secuencial,1000,450057883,0,-1,1,0.0000009537,0.0000010000,0.0000000000
Busqueda Binaria Secuencial,1000,187645041,0,-1,1,0.0000009537,0.0000010000,0.0000000000
Busqueda Binaria Secuencial,1000,1980098116,0,-1,1,0.0000000000,0.0000000000,0.0000000000
Busqueda Binaria Secuencial,1000,152503,0,-1,1,0.0000009537,0.0000010000,0.0000000000
Busqueda Binaria Secuencial,1000,5000,0,-1,1,0.0000009537,0.0000010000,0.0000000000
Busqueda Binaria Secuencial,1000,1493283650,0,-1,1,0.0000000000,0.0000000000,0.0000000000
Busqueda Binaria Secuencial,1000,214826,0,-1,1,0.0000011921,0.0000010000,0.0000000000
Busqueda Binaria Secuencial,1000,1843349527,0,-1,1,0.0000009537,0.0000010000,0.0000000000
Busqueda Binaria Secuencial,1000,1360839354,0,-1,1,0.0000009537,0.0000010000,0.0000000000
Busqueda Binaria Secuencial,1000,2109248666,0,-1,1,0.0000009537,0.0000010000,0.0000000000
Busqueda Binaria Secuencial,1000,2147470852,0,-1,1,0.0000011921,0.0000010000,0.0000000000
Busqueda Binaria Secuencial,1000,0,0,-1,1,0.0000009537,0.0000010000,0.0000000000
Busqueda Binaria Secuencial,5000,322486,0,-1,1,0.0000009537,0.0000010000,0.0000000000
Busqueda Binaria Secuencial,5000,14700764,0,-1,1,0.0000009537,0.0000010000,0.0000000000
Busqueda Binaria Secuencial,5000,3128036,0,-1,1,0.0000009537,0.0000010000,0.0000000000
Busqueda Binaria Secuencial,5000,6337399,0,-1,1,0.0000011921,0.0000010000,0.0000000000
Busqueda Binaria Secuencial,5000,61396,0,-1,1,0.0000000000,0.0000010000,0.0000000000
Busqueda Binaria Secuencial,5000,10393545,0,-1,1,0.0000009537,0.0000010000,0.0000000000
Busqueda Binaria Secuencial,5000,2147445644,0,-1,1,0.0000009537,0.0000010000,0.0000000000
Busqueda Binaria Secuencial,5000,1295390003,0,-1,1,0.0000009537,0.0000010000,0.0000000000
Busqueda Binaria Secuencial,5000,450057883,0,-1,1,0.0000009537,0.0000010000,0.0000000000
Busqueda Binaria Secuencial,5000,187645041,0,-1,1,0.0000009537,0.0000010000,0.0000000000
Busqueda Binaria Secuencial,5000,1980098116,0,-1,1,0.0000009537,0.0000010000,0.0000000000
Busqueda Binaria Secuencial,5000,152503,0,-1,1,0.0000009537,0.0000010000,0.0000000000
Busqueda Binaria Secuencial,5000,5000,0,-1,1,0.0000009537,0.0000010000,0.0000000000
Busqueda Binaria Secuencial,5000,1493283650,0,-1,1,0.0000009537,0.0000010000,0.0000000000
Busqueda Binaria Secuencial,5000,214826,0,-1,1,0.0000011921,0.0000010000,0.0000000000
Busqueda Binaria Secuencial,5000,1843349527,0,-1,1,0.0000009537,0.0000000000,0.0000000000
Busqueda Binaria Secuencial,5000,1360839354,0,-1,1,0.0000009537,0.0000010000,0.0000000000
Busqueda Binaria Secuencial,5000,2109248666,0,-1,1,0.0000009537,0.0000010000,0.0000000000
Busqueda Binaria Secuencial,5000,2147470852,0,-1,1,0.0000011921,0.0000010000,0.0000000000
Busqueda Binaria Secuencial,5000,0,0,-1,1,0.0000009537,0.0000000000,0.0000010000
Busqueda Binaria Secuencial,10000,322486,0,-1,1,0.0000009537,0.0000010000,0.0000000000
Busqueda Binaria Secuencial,10000,14700764,0,-1,1,0.0000009537,0.0000010000,0.0000000000
Busqueda Binaria Secuencial,10000,3128036,0,-1,1,0.0000009537,0.0000010000,0.0000000000
Busqueda Binaria Secuencial,10000,6337399,0,-1,1,0.0000009537,0.0000020000,0.0000000000
Busqueda Binaria Secuencial,10000,61396,0,-1,1,0.0000009537,0.0000010000,0.0000000000
Busqueda Binaria Secuencial,10000,10393545,0,-1,1,0.0000019073,0.0000010000,0.0000000000
Busqueda Binaria Secuencial,10000,2147445644,0,-1,1,0.0000009537,0.0000010000,0.0000000000
Busqueda Binaria Secuencial,10000,1295390003,0,-1,1,0.0000019073,0.0000010000,0.0000000000
Busqueda Binaria Secuencial,10000,450057883,0,-1,1,0.0000009537,0.0000020000,0.0000000000
Busqueda Binaria Secuencial,10000,187645041,0,-1,1,0.0000009537,0.0000010000,0.0000000000
Busqueda Binaria Secuencial,10000,1980098116,0,-1,1,0.0000011921,0.0000010000,0.0000000000
Busqueda Binaria Secuencial,10000,152503,0,-1,1,0.0000009537,0.0000010000,0.0000000000
Busqueda Binaria Secuencial,10000,5000,0,-1,1,0.0000009537,0.0000010000,0.0000000000
Busqueda Binaria Secuencial,10000,1493283650,0,-1,1,0.0000009537,0.0000010000,0.0000000000
Busqueda Binaria Secuencial,10000,214826,0,-1,1,0.0000021458,0.0000000000,0.0000020000
Busqueda Binaria Secuencial,10000,1843349527,0,-1,1,0.0000011921,0.0000000000,0.0000010000
Busqueda Binaria Secuencial,10000,1360839354,0,-1,1,0.0000009537,0.0000000000,0.0000010000
Busqueda Binaria Secuencial,10000,2109248666,0,-1,1,0.0000278950,0.0000000000,0.0000030000
Busqueda Binaria Secuencial,10000,2147470852,0,-1,1,0.0000009537,0.0000000000,0.0000010000
Busqueda Binaria Secuencial,10000,0,0,-1,1,0.0000009537,0.0000000000,0.0000010000
Busqueda Binaria Secuencial,50000,322486,0,-1,1,0.0000011921,0.0000000000,0.0000010000
Busqueda Binaria Secuencial,50000,14700764,0,-1,1,0.0000009537,0.0000000000,0.0000020000
Busqueda Binaria Secuencial,50000,3128036,0,-1,1,0.0000009537,0.0000000000,0.0000020000
Busqueda Binaria Secuencial,50000,6337399,0,-1,1,0.0000009537,0.0000000000,0.0000010000
Busqueda Binaria Secuencial,50000,61396,0,-1,1,0.0000009537,0.0000000000,0.0000010000
Busqueda Binaria Secuencial,50000,10393545,0,-1,1,0.0000009537,0.0000000000,0.0000010000
Busqueda Binaria Secuencial,50000,2147445644,0,-1,1,0.0000009537,0.0000000000,0.0000010000
Busqueda Binaria Secuencial,50000,1295390003,0,-1,1,0.0000009537,0.0000000000,0.0000010000
Busqueda Binaria Secuencial,50000,450057883,0,-1,1,0.0000011921,0.0000000000,0.0000020000
Busqueda Binaria Secuencial,50000,187645041,0,-1,1,0.0000019073,0.0000000000,0.0000010000
Busqueda Binaria Secuencial,50000,1980098116,0,-1,1,0.0000009537,0.0000000000,0.0000010000
Busqueda Binaria Secuencial,50000,152503,0,-1,1,0.0000009537,0.0000000000,0.0000010000
Busqueda Binaria Secuencial,50000,5000,0,-1,1,0.0000009537,0.0000000000,0.0000010000
Busqueda Binaria Secuencial,50000,1493283650,0,-1,1,0.0000250340,0.0000000000,0.0000250000
Busqueda Binaria Secuencial,50000,214826,0,-1,1,0.0000030994,0.0000000000,0.0000010000
Busqueda Binaria Secuencial,50000,1843349527,0,-1,1,0.0000009537,0.0000000000,0.0000020000
Busqueda Binaria Secuencial,50000,1360839354,0,-1,1,0.0000009537,0.0000000000,0.0000010000
Busqueda Binaria Secuencial,50000,2109248666,0,-1,1,0.0000009537,0.0000000000,0.0000020000
Busqueda Binaria Secuencial,50000,2147470852,0,-1,1,0.0000009537,0.0000000000,0.0000010000
Busqueda Binaria Secuencial,50000,0,0,-1,1,0.0000009537,0.0000000000,0.0000010000
Busqueda Binaria Secuencial,100000,322486,0,-1,1,0.0000009537,0.0000020000,0.0000000000
Busqueda Binaria Secuencial,100000,14700764,0,-1,1,0.0000009537,0.0000010000,0.0000000000
Busqueda Binaria Secuencial,100000,3128036,0,-1,1,0.0000011921,0.0000000000,0.0000000000
Busqueda Binaria Secuencial,100000,6337399,0,-1,1,0.0000009537,0.0000010000,0.0000000000
Busqueda Binaria Secuencial,100000,61396,0,-1,1,0.0000009537,0.0000000000,0.0000000000
Busqueda Binaria Secuencial,100000,10393545,0,-1,1,0.0000009537,0.0000010000,0.0000000000
Busqueda Binaria Secuencial,100000,2147445644,0,-1,1,0.0000009537,0.0000010000,0.0000000000
Busqueda Binaria Secuencial,100000,1295390003,0,-1,1,0.0000011921,0.0000010000,0.0000000000
Busqueda Binaria Secuencial,100000,450057883,0,-1,1,0.0000011921,0.0000010000,0.0000000000
Busqueda Binaria Secuencial,100000,187645041,0,-1,1,0.0000009537,0.0000010000,0.0000000000
Busqueda Binaria Secuencial,100000,1980098116,0,-1,1,0.0000009537,0.0000010000,0.0000000000
Busqueda Binaria Secuencial,100000,152503,0,-1,1,0.0000009537,0.0000010000,0.0000000000
Busqueda Binaria Secuencial,100000,5000,0,-1,1,0.0000011921,0.0000010000,0.0000000000
Busqueda Binaria Secuencial,100000,1493283650,0,-1,1,0.0000011921,0.0000010000,0.0000000000
Busqueda Binaria Secuencial,100000,214826,0,-1,1,0.0000009537,0.0000010000,0.0000000000
Busqueda Binaria Secuencial,100000,1843349527,0,-1,1,0.0000009537,0.0000010000,0.0000000000
Busqueda Binaria Secuencial,100000,1360839354,0,-1,1,0.0000009537,0.0000010000,0.0000000000
Busqueda Binaria Secuencial,100000,2109248666,0,-1,1,0.0000009537,0.0000010000,0.0000000000
Busqueda Binaria Secuencial,100000,2147470852,0,-1,1,0.0000009537,0.0000010000,0.0000000000
Busqueda Binaria Secuencial,100000,0,0,-1,1,0.0000009537,0.0000000000,0.0000000000
Busqueda Binaria Secuencial,500000,322486,0,-1,1,0.0000009537,0.0000010000,0.0000000000
Busqueda Binaria Secuencial,500000,14700764,0,-1,1,0.0000019073,0.0000020000,0.0000000000
Busqueda Binaria Secuencial,500000,3128036,0,-1,1,0.0000021458,0.0000010000,0.0000000000
Busqueda Binaria Secuencial,500000,6337399,0,-1,1,0.0000009537,0.0000010000,0.0000000000
Busqueda Binaria Secuencial,500000,61396,0,-1,1,0.0000009537,0.0000010000,0.0000000000
Busqueda Binaria Secuencial,500000,10393545,0,-1,1,0.0000009537,0.0000010000,0.0000000000
Busqueda Binaria Secuencial,500000,2147445644,0,-1,1,0.0000019073,0.0000010000,0.0000000000
Busqueda Binaria Secuencial,500000,1295390003,0,-1,1,0.0000019073,0.0000010000,0.0000010000
Busqueda Binaria Secuencial,500000,450057883,0,-1,1,0.0000019073,0.0000020000,0.0000000000
Busqueda Binaria Secuencial,500000,187645041,0,-1,1,0.0000030994,0.0000030000,0.0000000000
Busqueda Binaria Secuencial,500000,1980098116,0,-1,1,0.0000009537,0.0000000000,0.0000020000
Busqueda Binaria Secuencial,500000,152503,0,-1,1,0.0000009537,0.0000000000,0.0000010000
Busqueda Binaria Secuencial,500000,5000,0,-1,1,0.0000009537,0.0000000000,0.0000010000
Busqueda Binaria Secuencial,500000,1493283650,0,-1,1,0.0000009537,0.0000000000,0.0000010000
Busqueda Binaria Secuencial,500000,214826,0,-1,1,0.0000009537,0.0000000000,0.0000010000
Busqueda Binaria Secuencial,500000,1843349527,0,-1,1,0.0000009537,0.0000000000,0.0000010000
Busqueda Binaria Secuencial,500000,1360839354,0,-1,1,0.0000019073,0.0000000000,0.0000010000
Busqueda Binaria Secuencial,500000,2109248666,0,-1,1,0.0000009537,0.0000000000,0.0000010000
Busqueda Binaria Secuencial,500000,2147470852,0,-1,1,0.0000009537,0.0000000000,0.0000010000
Busqueda Binaria Secuencial,500000,0,0,-1,1,0.0000009537,0.0000000000,0.0000010000
Busqueda Binaria Secuencial,1000000,322486,0,-1,1,0.0000009537,0.0000020000,0.0000000000
Busqueda Binaria Secuencial,1000000,14700764,0,-1,1,0.0000009537,0.0000020000,0.0000000000
Busqueda Binaria Secuencial,1000000,3128036,0,-1,1,0.0000009537,0.0000010000,0.0000000000
Busqueda Binaria Secuencial,1000000,6337399,0,-1,1,0.0000009537,0.0000010000,0.0000000000
Busqueda Binaria Secuencial,1000000,61396,0,-1,1,0.0000009537,0.0000010000,0.0000000000
Busqueda Binaria Secuencial,1000000,10393545,0,-1,1,0.0000009537,0.0000010000,0.0000000000
Busqueda Binaria Secuencial,1000000,2147445644,0,-1,1,0.0000009537,0.0000010000,0.0000000000
Busqueda Binaria Secuencial,1000000,1295390003,0,-1,1,0.0000009537,0.0000010000,0.0000000000
Busqueda Binaria Secuencial,1000000,450057883,0,-1,1,0.0000019073,0.0000020000,0.0000000000
Busqueda Binaria Secuencial,1000000,187645041,0,-1,1,0.0000019073,0.0000010000,0.0000000000
Busqueda Binaria Secuencial,1000000,1980098116,0,-1,1,0.0000009537,0.0000010000,0.0000000000
Busqueda Binaria Secuencial,1000000,152503,0,-1,1,0.0000011921,0.0000010000,0.0000000000
Busqueda Binaria Secuencial,1000000,5000,0,-1,1,0.0000009537,0.0000010000,0.0000000000
Busqueda Binaria Secuencial,1000000,1493283650,1,694431,1,0.0000009537,0.0000010000,0.0000000000
Busqueda Binaria Secuencial,1000000,214826,0,-1,1,0.0000009537,0.0000000000,0.0000000000
Busqueda Binaria Secuencial,1000000,1843349527,0,-1,1,0.0000011921,0.0000020000,0.0000000000
Busqueda Binaria Secuencial,1000000,1360839354,0,-1,1,0.0000009537,0.0000020000,0.0000000000
Busqueda Binaria Secuencial,1000000,2109248666,0,-1,1,0.0000019073,0.0000010000,0.0000000000
Busqueda Binaria Secuencial,1000000,2147470852,0,-1,1,0.0000000000,0.0000010000,0.0000000000
Busqueda Binaria Secuencial,1000000,0,0,-1,1,0.0000000000,0.0000010000,0.0000000000
Busqueda Binaria Secuencial,5000000,322486,0,-1,1,0.0000019073,0.0000020000,0.0000000000
Busqueda Binaria Secuencial,5000000,14700764,0,-1,1,0.0000009537,0.0000010000,0.0000000000
Busqueda Binaria Secuencial,5000000,3128036,1,7394,1,0.0000009537,0.0000010000,0.0000000000
Busqueda Binaria Secuencial,5000000,6337399,0,-1,1,0.0000000000,0.0000010000,0.0000000000
Busqueda Binaria Secuencial,5000000,61396,0,-1,1,0.0000011921,0.0000010000,0.0000000000
Busqueda Binaria Secuencial,5000000,10393545,0,-1,1,0.0000009537,0.0000010000,0.0000000000
Busqueda Binaria Secuencial,5000000,2147445644,0,-1,1,0.0000009537,0.0000010000,0.0000000000
Busqueda Binaria Secuencial,5000000,1295390003,0,-1,1,0.0000009537,0.0000010000,0.0000000000
Busqueda Binaria Secuencial,5000000,450057883,0,-1,1,0.0000009537,0.0000010000,0.0000000000
Busqueda Binaria Secuencial,5000000,187645041,0,-1,1,0.0000009537,0.0000010000,0.0000000000
Busqueda Binaria Secuencial,5000000,1980098116,0,-1,1,0.0000009537,0.0000020000,0.0000000000
Busqueda Binaria Secuencial,5000000,152503,0,-1,1,0.0000011921,0.0000000000,0.0000000000
Busqueda Binaria Secuencial,5000000,5000,0,-1,1,0.0000009537,0.0000000000,0.0000000000
Busqueda Binaria Secuencial,5000000,1493283650,1,3475906,1,0.0000019073,0.0000020000,0.0000000000
Busqueda Binaria Secuencial,5000000,214826,0,-1,1,0.0000011921,0.0000030000,0.0000000000
Busqueda Binaria Secuencial,5000000,1843349527,1,4291037,1,0.0000009537,0.0000010000,0.0000000000
Busqueda Binaria Secuencial,5000000,1360839354,0,-1,1,0.0000011921,0.0000020000,0.0000000000
Busqueda Binaria Secuencial,5000000,2109248666,0,-1,1,0.0000009537,0.0000010000,0.0000000000
Busqueda Binaria Secuencial,5000000,2147470852,0,-1,1,0.0000009537,0.0000010000,0.0000000000
Busqueda Binaria Secuencial,5000000,0,0,-1,1,0.0000000000,0.0000010000,0.0000000000
Busqueda Binaria Secuencial,10000000,322486,1,1611,1,0.0000009537,0.0000020000,0.0000000000
Busqueda Binaria Secuencial,10000000,14700764,0,-1,1,0.0000019073,0.0000020000,0.0000000000
Busqueda Binaria Secuencial,10000000,3128036,1,14725,1,0.0000009537,0.0000010000,0.0000000000
Busqueda Binaria Secuencial,10000000,6337399,1,29544,1,0.0000009537,0.0000020000,0.0000000000
Busqueda Binaria Secuencial,10000000,61396,0,-1,1,0.0000009537,0.0000010000,0.0000000000
Busqueda Binaria Secuencial,10000000,10393545,1,48374,1,0.0000011921,0.0000010000,0.0000000000
Busqueda Binaria Secuencial,10000000,2147445644,0,-1,1,0.0000009537,0.0000010000,0.0000000000
Busqueda Binaria Secuencial,10000000,1295390003,1,6031093,1,0.0000009537,0.0000020000,0.0000000000
Busqueda Binaria Secuencial,10000000,450057883,0,-1,1,0.0000019073,0.0000010000,0.0000000000
Busqueda Binaria Secuencial,10000000,187645041,0,-1,1,0.0000019073,0.0000010000,0.0000000000
Busqueda Binaria Secuencial,10000000,1980098116,0,-1,1,0.0000019073,0.0000010000,0.0000000000
Busqueda Binaria Secuencial,10000000,152503,0,-1,1,0.0000000000,0.0000010000,0.0000000000
Busqueda Binaria Secuencial,10000000,5000,0,-1,1,0.0000009537,0.0000010000,0.0000000000
Busqueda Binaria Secuencial,10000000,1493283650,1,6952607,1,0.0000019073,0.0000010000,0.0000000000
Busqueda Binaria Secuencial,10000000,214826,0,-1,1,0.0000009537,0.0000000000,0.0000000000
Busqueda Binaria Secuencial,10000000,1843349527,1,8582390,1,0.0000019073,0.0000010000,0.0000000000
Busqueda Binaria Secuencial,10000000,1360839354,0,-1,1,0.0000021458,0.0000020000,0.0000000000
Busqueda Binaria Secuencial,10000000,2109248666,1,9822539,1,0.0000009537,0.0000010000,0.0000000000
Busqueda Binaria Secuencial,10000000,2147470852,1,9999942,1,0.0000009537,0.0000010000,0.0000000000
Busqueda Binaria Secuencial,10000000,0,0,-1,1,0.0000009537,0.0000010000,0.0000000000
Busqueda ABB Secuencial,1000,322486,0,-1,1,0.0000009537,0.0000000000,0.0000050000
Busqueda ABB Secuencial,1000,14700764,0,-1,1,0.0000009537,0.0000000000,0.0000010000
Busqueda ABB Secuencial,1000,3128036,0,-1,1,0.0000000000,0.0000000000,0.0000010000
Busqueda ABB Secuencial,1000,6337399,0,-1,1,0.0000219345,0.0000000000,0.0000010000
Busqueda ABB Secuencial,1000,61396,0,-1,1,0.0000000000,0.0000000000,0.0000010000
Busqueda ABB Secuencial,1000,10393545,0,-1,1,0.0000000000,0.0000000000,0.0000010000
Busqueda ABB Secuencial,1000,2147445644,0,-1,1,0.0000009537,0.0000000000,0.0000010000
Busqueda ABB Secuencial,1000,1295390003,0,-1,1,0.0000009537,0.0000000000,0.0000010000
Busqueda ABB Secuencial,1000,450057883,0,-1,1,0.0000009537,0.0000000000,0.0000010000
Busqueda ABB Secuencial,1000,187645041,0,-1,1,0.0000009537,0.0000000000,0.0000010000
Busqueda ABB Secuencial,1000,1980098116,0,-1,1,0.0000011921,0.0000000000,0.0000010000
Busqueda ABB Secuencial,1000,152503,0,-1,1,0.0000000000,0.0000000000,0.0000010000
Busqueda ABB Secuencial,1000,5000,0,-1,1,0.0000009537,0.0000000000,0.0000010000
Busqueda ABB Secuencial,1000,1493283650,0,-1,1,0.0000009537,0.0000000000,0.0000000000
Busqueda ABB Secuencial,1000,214826,0,-1,1,0.0000009537,0.0000000000,0.0000010000
Busqueda ABB Secuencial,1000,1843349527,0,-1,1,0.0000011921,0.0000000000,0.0000010000
Busqueda ABB Secuencial,1000,1360839354,0,-1,1,0.0000009537,0.0000000000,0.0000010000
Busqueda ABB Secuencial,1000,2109248666,0,-1,1,0.0000009537,0.0000000000,0.0000010000
Busqueda ABB Secuencial,1000,2147470852,0,-1,1,0.0000000000,0.0000000000,0.0000010000
Busqueda ABB Secuencial,1000,0,0,-1,1,0.0000000000,0.0000000000,0.0000010000
Busqueda ABB Secuencial,5000,322486,0,-1,1,0.0000009537,0.0000050000,0.0000000000
Busqueda ABB Secuencial,5000,14700764,0,-1,1,0.0000009537,0.0000010000,0.0000000000
Busqueda ABB Secuencial,5000,3128036,0,-1,1,0.0000009537,0.0000010000,0.0000000000
Busqueda ABB Secuencial,5000,6337399,0,-1,1,0.0000011921,0.0000010000,0.0000000000
Busqueda ABB Secuencial,5000,61396,0,-1,1,0.0000009537,0.0000010000,0.0000000000
Busqueda ABB Secuencial,5000,10393545,0,-1,1,0.0000009537,0.0000010000,0.0000000000
Busqueda ABB Secuencial,5000,2147445644,0,-1,1,0.0000009537,0.0000010000,0.0000000000
Busqueda ABB Secuencial,5000,1295390003,0,-1,1,0.0000009537,0.0000010000,0.0000000000
Busqueda ABB Secuencial,5000,450057883,0,-1,1,0.0000069141,0.0000010000,0.0000000000
Busqueda ABB Secuencial,5000,187645041,0,-1,1,0.0000009537,0.0000010000,0.0000000000
Busqueda ABB Secuencial,5000,1980098116,0,-1,1,0.0000009537,0.0000010000,0.0000000000
Busqueda ABB Secuencial,5000,152503,0,-1,1,0.0000009537,0.0000010000,0.0000000000
Busqueda ABB Secuencial,5000,5000,0,-1,1,0.0000009537,0.0000010000,0.0000000000
Busqueda ABB Secuencial,5000,1493283650,0,-1,1,0.0000009537,0.0000010000,0.0000000000
Busqueda ABB Secuencial,5000,214826,0,-1,1,0.0000011921,0.0000000000,0.0000000000
Busqueda ABB Secuencial,5000,1843349527,0,-1,1,0.0000009537,0.0000010000,0.0000000000
Busqueda ABB Secuencial,5000,1360839354,0,-1,1,0.0000009537,0.0000010000,0.0000000000
Busqueda ABB Secuencial,5000,2109248666,0,-1,1,0.0000009537,0.0000010000,0.0000000000
Busqueda ABB Secuencial,5000,2147470852,0,-1,1,0.0000009537,0.0000000000,0.0000000000
Busqueda ABB Secuencial,5000,0,0,-1,1,0.0000011921,0.0000000000,0.0000000000
Busqueda ABB Secuencial,10000,322486,0,-1,1,0.0000009537,0.0000100000,0.0000000000
Busqueda ABB Secuencial,10000,14700764,0,-1,1,0.0000009537,0.0000010000,0.0000000000
Busqueda ABB Secuencial,10000,3128036,0,-1,1,0.0000000000,0.0000010000,0.0000000000
Busqueda ABB Secuencial,10000,6337399,0,-1,1,0.0000009537,0.0000010000,0.0000000000
Busqueda ABB Secuencial,10000,61396,0,-1,1,0.0000011921,0.0000010000,0.0000000000
Busqueda ABB Secuencial,10000,10393545,0,-1,1,0.0000009537,0.0000010000,0.0000000000
Busqueda ABB Secuencial,10000,2147445644,0,-1,1,0.0000009537,0.0000010000,0.0000000000
Busqueda ABB Secuencial,10000,1295390003,0,-1,1,0.0000019073,0.0000020000,0.0000000000
Busqueda ABB Secuencial,10000,450057883,0,-1,1,0.0000009537,0.0000020000,0.0000000000
Busqueda ABB Secuencial,10000,187645041,0,-1,1,0.0000011921,0.0000010000,0.0000000000
Busqueda ABB Secuencial,10000,1980098116,0,-1,1,0.0000009537,0.0000010000,0.0000000000
Busqueda ABB Secuencial,10000,152503,0,-1,1,0.0000009537,0.0000000000,0.0000000000
Busqueda ABB Secuencial,10000,5000,0,-1,1,0.0000009537,0.0000010000,0.0000000000
Busqueda ABB Secuencial,10000,1493283650,0,-1,1,0.0000000000,0.0000010000,0.0000000000
Busqueda ABB Secuencial,10000,214826,0,-1,1,0.0000009537,0.0000010000,0.0000000000
Busqueda ABB Secuencial,10000,1843349527,0,-1,1,0.0000009537,0.0000010000,0.0000000000
Busqueda ABB Secuencial,10000,1360839354,0,-1,1,0.0000011921,0.0000010000,0.0000000000
Busqueda ABB Secuencial,10000,2109248666,0,-1,1,0.0000009537,0.0000010000,0.0000000000
Busqueda ABB Secuencial,10000,2147470852,0,-1,1,0.0000009537,0.0000010000,0.0000000000
Busqueda ABB Secuencial,10000,0,0,-1,1,0.0000009537,0.0000010000,0.0000000000
Busqueda ABB Secuencial,50000,322486,0,-1,1,0.0000009537,0.0000080000,0.0000000000
Busqueda ABB Secuencial,50000,14700764,0,-1,1,0.0000000000,0.0000010000,0.0000000000
Busqueda ABB Secuencial,50000,3128036,0,-1,1,0.0000000000,0.0000010000,0.0000000000
Busqueda ABB Secuencial,50000,6337399,0,-1,1,0.0000009537,0.0000010000,0.0000000000
Busqueda ABB Secuencial,50000,61396,0,-1,1,0.0000009537,0.0000010000,0.0000000000
Busqueda ABB Secuencial,50000,10393545,0,-1,1,0.0000011921,0.0000000000,0.0000000000
Busqueda ABB Secuencial,50000,2147445644,0,-1,1,0.0000009537,0.0000010000,0.0000010000
Busqueda ABB Secuencial,50000,1295390003,0,-1,1,0.0000009537,0.0000010000,0.0000000000
Busqueda ABB Secuencial,50000,450057883,0,-1,1,0.0000009537,0.0000010000,0.0000000000
Busqueda ABB Secuencial,50000,187645041,0,-1,1,0.0000009537,0.0000010000,0.0000000000
Busqueda ABB Secuencial,50000,1980098116,0,-1,1,0.0000011921,0.0000010000,0.0000000000
Busqueda ABB Secuencial,50000,152503,0,-1,1,0.0000000000,0.0000010000,0.0000000000
Busqueda ABB Secuencial,50000,5000,0,-1,1,0.0000009537,0.0000010000,0.0000000000
Busqueda ABB Secuencial,50000,1493283650,0,-1,1,0.0000009537,0.0000010000,0.0000010000
Busqueda ABB Secuencial,50000,214826,0,-1,1,0.0000009537,0.0000010000,0.0000000000
Busqueda ABB Secuencial,50000,1843349527,0,-1,1,0.0000009537,0.0000020000,0.0000000000
Busqueda ABB Secuencial,50000,1360839354,0,-1,1,0.0000009537,0.0000010000,0.0000000000
Busqueda ABB Secuencial,50000,2109248666,0,-1,1,0.0000009537,0.0000010000,0.0000000000
Busqueda ABB Secuencial,50000,2147470852,0,-1,1,0.0000011921,0.0000010000,0.0000000000
Busqueda ABB Secuencial,50000,0,0,-1,1,0.0000009537,0.0000010000,0.0000000000
Busqueda ABB Secuencial,100000,322486,0,-1,1,0.0000009537,0.0000100000,0.0000000000
Busqueda ABB Secuencial,100000,14700764,0,-1,1,0.0000019073,0.0000020000,0.0000000000
Busqueda ABB Secuencial,100000,3128036,0,-1,1,0.0000028610,0.0000050000,0.0000000000
Busqueda ABB Secuencial,100000,6337399,0,-1,1,0.0000011921,0.0000030000,0.0000000000
Busqueda ABB Secuencial,100000,61396,0,-1,1,0.0000009537,0.0000010000,0.0000000000
Busqueda ABB Secuencial,100000,10393545,0,-1,1,0.0000009537,0.0000010000,0.0000000000
Busqueda ABB Secuencial,100000,2147445644,0,-1,1,0.0000009537,0.0000010000,0.0000000000
Busqueda ABB Secuencial,100000,1295390003,0,-1,1,0.0000021458,0.0000020000,0.0000000000
Busqueda ABB Secuencial,100000,450057883,0,-1,1,0.0000009537,0.0000020000,0.0000000000
Busqueda ABB Secuencial,100000,187645041,0,-1,1,0.0000009537,0.0000010000,0.0000000000
Busqueda ABB Secuencial,100000,1980098116,0,-1,1,0.0000009537,0.0000010000,0.0000000000
Busqueda ABB Secuencial,100000,152503,0,-1,1,0.0000009537,0.0000020000,0.0000000000
Busqueda ABB Secuencial,100000,5000,0,-1,1,0.0000009537,0.0000010000,0.0000000000
Busqueda ABB Secuencial,100000,1493283650,0,-1,1,0.0000011921,0.0000010000,0.0000000000
Busqueda ABB Secuencial,100000,214826,0,-1,1,0.0000009537,0.0000010000,0.0000000000
Busqueda ABB Secuencial,100000,1843349527,0,-1,1,0.0000019073,0.0000020000,0.0000000000
Busqueda ABB Secuencial,100000,1360839354,0,-1,1,0.0000009537,0.0000020000,0.0000000000
Busqueda ABB Secuencial,100000,2109248666,0,-1,1,0.0000009537,0.0000010000,0.0000000000
Busqueda ABB Secuencial,100000,2147470852,0,-1,1,0.0000009537,0.0000010000,0.0000010000
Busqueda ABB Secuencial,100000,0,0,-1,1,0.0000011921,0.0000010000,0.0000000000
Busqueda ABB Secuencial,500000,322486,0,-1,1,0.0000019073,0.0000270000,0.0000010000
Busqueda ABB Secuencial,500000,14700764,0,-1,1,0.0000197887,0.0000190000,0.0000000000
Busqueda ABB Secuencial,500000,3128036,0,-1,1,0.0000009537,0.0000020000,0.0000000000
Busqueda ABB Secuencial,500000,6337399,0,-1,1,0.0000011921,0.0000010000,0.0000000000
Busqueda ABB Secuencial,500000,61396,0,-1,1,0.0000009537,0.0000010000,0.0000000000
Busqueda ABB Secuencial,500000,10393545,0,-1,1,0.0000011921,0.0000010000,0.0000000000
Busqueda ABB Secuencial,500000,2147445644,0,-1,1,0.0000009537,0.0000010000,0.0000000000
Busqueda ABB Secuencial,500000,1295390003,0,-1,1,0.0000009537,0.0000020000,0.0000000000
Busqueda ABB Secuencial,500000,450057883,0,-1,1,0.0000009537,0.0000010000,0.0000000000
Busqueda ABB Secuencial,500000,187645041,0,-1,1,0.0000009537,0.0000010000,0.0000000000
Busqueda ABB Secuencial,500000,1980098116,0,-1,1,0.0000009537,0.0000170000,0.0000010000
Busqueda ABB Secuencial,500000,152503,0,-1,1,0.0000009537,0.0000010000,0.0000000000
Busqueda ABB Secuencial,500000,5000,0,-1,1,0.0000011921,0.0000010000,0.0000000000
Busqueda ABB Secuencial,500000,1493283650,0,-1,1,0.0000009537,0.0000010000,0.0000000000
Busqueda ABB Secuencial,500000,214826,0,-1,1,0.0000009537,0.0000010000,0.0000000000
Busqueda ABB Secuencial,500000,1843349527,0,-1,1,0.0000009537,0.0000010000,0.0000000000
Busqueda ABB Secuencial,500000,1360839354,0,-1,1,0.0000009537,0.0000010000,0.0000000000
Busqueda ABB Secuencial,500000,2109248666,0,-1,1,0.0000009537,0.0000020000,0.0000000000
Busqueda ABB Secuencial,500000,2147470852,0,-1,1,0.0000009537,0.0000010000,0.0000000000
Busqueda ABB Secuencial,500000,0,0,-1,1,0.0000011921,0.0000010000,0.0000000000
Busqueda ABB Secuencial,1000000,322486,0,-1,1,0.0000021458,0.0000120000,0.0000000000
Busqueda ABB Secuencial,1000000,14700764,0,-1,1,0.0000021458,0.0000010000,0.0000000000
Busqueda ABB Secuencial,1000000,3128036,0,-1,1,0.0000030994,0.0000020000,0.0000000000
Busqueda ABB Secuencial,1000000,6337399,0,-1,1,0.0000009537,0.0000020000,0.0000000000
Busqueda ABB Secuencial,1000000,61396,0,-1,1,0.0000011921,0.0000010000,0.0000000000
Busqueda ABB Secuencial,1000000,10393545,0,-1,1,0.0000009537,0.0000010000,0.0000000000
Busqueda ABB Secuencial,1000000,2147445644,0,-1,1,0.0000009537,0.0000020000,0.0000000000
Busqueda ABB Secuencial,1000000,1295390003,0,-1,1,0.0000019073,0.0000030000,0.0000000000
Busqueda ABB Secuencial,1000000,450057883,0,-1,1,0.0000021458,0.0000020000,0.0000000000
Busqueda ABB Secuencial,1000000,187645041,0,-1,1,0.0000009537,0.0000020000,0.0000000000
Busqueda ABB Secuencial,1000000,1980098116,0,-1,1,0.0000009537,0.0000020000,0.0000000000
Busqueda ABB Secuencial,1000000,152503,0,-1,1,0.0000021458,0.0000020000,0.0000000000
Busqueda ABB Secuencial,1000000,5000,0,-1,1,0.0000021458,0.0000020000,0.0000000000
Busqueda ABB Secuencial,1000000,1493283650,1,-1,1,0.0000021458,0.0000020000,0.0000000000
Busqueda ABB Secuencial,1000000,214826,0,-1,1,0.0000019073,0.0000010000,0.0000000000
Busqueda ABB Secuencial,1000000,1843349527,0,-1,1,0.0000009537,0.0000020000,0.0000000000
Busqueda ABB Secuencial,1000000,1360839354,0,-1,1,0.0000019073,0.0000020000,0.0000000000
Busqueda ABB Secuencial,1000000,2109248666,0,-1,1,0.0000030994,0.0000020000,0.0000000000
Busqueda ABB Secuencial,1000000,2147470852,0,-1,1,0.0000011921,0.0000010000,0.0000000000
Busqueda ABB Secuencial,1000000,0,0,-1,1,0.0000009537,0.0000010000,0.0000000000
Busqueda ABB Secuencial,5000000,322486,0,-1,1,0.0000019073,0.0000080000,0.0000000000
Busqueda ABB Secuencial,5000000,14700764,0,-1,1,0.0000011921,0.0000020000,0.0000000000
Busqueda ABB Secuencial,5000000,3128036,1,-1,1,0.0000009537,0.0000020000,0.0000000000
Busqueda ABB Secuencial,5000000,6337399,0,-1,1,0.0000021458,0.0000010000,0.0000000000
Busqueda ABB Secuencial,5000000,61396,0,-1,1,0.0000009537,0.0000020000,0.0000000000
Busqueda ABB Secuencial,5000000,10393545,0,-1,1,0.0000019073,0.0000010000,0.0000000000
Busqueda ABB Secuencial,5000000,2147445644,0,-1,1,0.0000009537,0.0000010000,0.0000010000
Busqueda ABB Secuencial,5000000,1295390003,0,-1,1,0.0000021458,0.0000020000,0.0000000000
Busqueda ABB Secuencial,5000000,450057883,0,-1,1,0.0000019073,0.0000020000,0.0000000000
Busqueda ABB Secuencial,5000000,187645041,0,-1,1,0.0000019073,0.0000020000,0.0000000000
Busqueda ABB Secuencial,5000000,1980098116,0,-1,1,0.0000011921,0.0000010000,0.0000000000
Busqueda ABB Secuencial,5000000,152503,0,-1,1,0.0000019073,0.0000010000,0.0000000000
Busqueda ABB Secuencial,5000000,5000,0,-1,1,0.0000019073,0.0000010000,0.0000000000
Busqueda ABB Secuencial,5000000,1493283650,1,-1,1,0.0000011921,0.0000020000,0.0000000000
Busqueda ABB Secuencial,5000000,214826,0,-1,1,0.0000009537,0.0000150000,0.0000000000
Busqueda ABB Secuencial,5000000,1843349527,1,-1,1,0.0000159740,0.0000020000,0.0000010000
Busqueda ABB Secuencial,5000000,1360839354,0,-1,1,0.0000030994,0.0000020000,0.0000000000
Busqueda ABB Secuencial,5000000,2109248666,0,-1,1,0.0000150204,0.0000150000,0.0000000000
Busqueda ABB Secuencial,5000000,2147470852,0,-1,1,0.0000019073,0.0000020000,0.0000000000
Busqueda ABB Secuencial,5000000,0,0,-1,1,0.0000009537,0.0000020000,0.0000000000
Busqueda ABB Secuencial,10000000,322486,1,-1,1,0.0000028610,0.0000300000,0.0000010000
Busqueda ABB Secuencial,10000000,14700764,0,-1,1,0.0000190735,0.0000020000,0.0000000000
Busqueda ABB Secuencial,10000000,3128036,1,-1,1,0.0000021458,0.0000020000,0.0000000000
Busqueda ABB Secuencial,10000000,6337399,1,-1,1,0.0000019073,0.0000020000,0.0000000000
Busqueda ABB Secuencial,10000000,61396,0,-1,1,0.0000021458,0.0000020000,0.0000000000
Busqueda ABB Secuencial,10000000,10393545,1,-1,1,0.0000019073,0.0000020000,0.0000000000
Busqueda ABB Secuencial,10000000,2147445644,0,-1,1,0.0000021458,0.0000010000,0.0000000000
Busqueda ABB Secuencial,10000000,1295390003,1,-1,1,0.0000019073,0.0000020000,0.0000000000
Busqueda ABB Secuencial,10000000,450057883,0,-1,1,0.0000021458,0.0000020000,0.0000000000
Busqueda ABB Secuencial,10000000,187645041,0,-1,1,0.0000009537,0.0000020000,0.0000000000
Busqueda ABB Secuencial,10000000,1980098116,0,-1,1,0.0000009537,0.0000010000,0.0000000000
Busqueda ABB Secuencial,10000000,152503,0,-1,1,0.0000019073,0.0000010000,0.0000000000
Busqueda ABB Secuencial,10000000,5000,0,-1,1,0.0000009537,0.0000020000,0.0000000000
Busqueda ABB Secuencial,10000000,1493283650,1,-1,1,0.0000011921,0.0000010000,0.0000000000
Busqueda ABB Secuencial,10000000,214826,0,-1,1,0.0000019073,0.0000020000,0.0000000000
Busqueda ABB Secuencial,10000000,1843349527,1,-1,1,0.0000019073,0.0000020000,0.0000000000
Busqueda ABB Secuencial,10000000,1360839354,0,-1,1,0.0000030994,0.0000030000,0.0000000000
Busqueda ABB Secuencial,10000000,2109248666,1,-1,1,0.0000019073,0.0000030000,0.0000000000
Busqueda ABB Secuencial,10000000,2147470852,1,-1,1,0.0000009537,0.0000020000,0.0000000000
Busqueda ABB Secuencial,10000000,0,0,-1,1,0.0000150204,0.0000020000,0.0000000000
Busqueda Exponencial Secuencial,1000,322486,0,-1,1,0.0000000000,0.0000000000,0.0000010000
Busqueda Exponencial Secuencial,1000,14700764,0,-1,1,0.0000000000,0.0000000000,0.0000010000
Busqueda Exponencial Secuencial,1000,3128036,0,-1,1,0.0000009537,0.0000000000,0.0000010000
Busqueda Exponencial Secuencial,1000,6337399,0,-1,1,0.0000000000,0.0000000000,0.0000010000
Busqueda Exponencial Secuencial,1000,61396,0,-1,1,0.0000009537,0.0000000000,0.0000010000
Busqueda Exponencial Secuencial,1000,10393545,0,-1,1,0.0000009537,0.0000000000,0.0000010000
Busqueda Exponencial Secuencial,1000,2147445644,0,-1,1,0.0000190735,0.0000000000,0.0000010000
Busqueda Exponencial Secuencial,1000,1295390003,0,-1,1,0.0000009537,0.0000000000,0.0000010000
Busqueda Exponencial Secuencial,1000,450057883,0,-1,1,0.0000011921,0.0000000000,0.0000020000
Busqueda Exponencial Secuencial,1000,187645041,0,-1,1,0.0000009537,0.0000000000,0.0000010000
Busqueda Exponencial Secuencial,1000,1980098116,0,-1,1,0.0000009537,0.0000000000,0.0000010000
Busqueda Exponencial Secuencial,1000,152503,0,-1,1,0.0000000000,0.0000000000,0.0000010000
Busqueda Exponencial Secuencial,1000,5000,0,-1,1,0.0000009537,0.0000000000,0.0000010000
Busqueda Exponencial Secuencial,1000,1493283650,0,-1,1,0.0000011921,0.0000000000,0.0000010000
Busqueda Exponencial Secuencial,1000,214826,0,-1,1,0.0000009537,0.0000000000,0.0000010000
Busqueda Exponencial Secuencial,1000,1843349527,0,-1,1,0.0000009537,0.0000000000,0.0000010000
Busqueda Exponencial Secuencial,1000,1360839354,0,-1,1,0.0000009537,0.0000000000,0.0000010000
Busqueda Exponencial Secuencial,1000,2109248666,0,-1,1,0.0000009537,0.0000000000,0.0000010000
Busqueda Exponencial Secuencial,1000,2147470852,0,-1,1,0.0000009537,0.0000000000,0.0000010000
Busqueda Exponencial Secuencial,1000,0,0,-1,1,0.0000009537,0.0000000000,0.0000010000
Busqueda Exponencial Secuencial,5000,322486,0,-1,1,0.0000000000,0.0000010000,0.0000000000
Busqueda Exponencial Secuencial,5000,14700764,0,-1,1,0.0000009537,0.0000010000,0.0000000000
Busqueda Exponencial Secuencial,5000,3128036,0,-1,1,0.0000000000,0.0000010000,0.0000000000
Busqueda Exponencial Secuencial,5000,6337399,0,-1,1,0.0000009537,0.0000010000,0.0000000000
Busqueda Exponencial Secuencial,5000,61396,0,-1,1,0.0000000000,0.0000010000,0.0000000000
Busqueda Exponencial Secuencial,5000,10393545,0,-1,1,0.0000009537,0.0000000000,0.0000000000
Busqueda Exponencial Secuencial,5000,2147445644,0,-1,1,0.0000009537,0.0000010000,0.0000000000
Busqueda Exponencial Secuencial,5000,1295390003,0,-1,1,0.0000009537,0.0000010000,0.0000000000
Busqueda Exponencial Secuencial,5000,450057883,0,-1,1,0.0000009537,0.0000010000,0.0000000000
Busqueda Exponencial Secuencial,5000,187645041,0,-1,1,0.0000000000,0.0000010000,0.0000000000
Busqueda Exponencial Secuencial,5000,1980098116,0,-1,1,0.0000009537,0.0000010000,0.0000000000
Busqueda Exponencial Secuencial,5000,152503,0,-1,1,0.0000000000,0.0000010000,0.0000000000
Busqueda Exponencial Secuencial,5000,5000,0,-1,1,0.0000000000,0.0000010000,0.0000000000
Busqueda Exponencial Secuencial,5000,1493283650,0,-1,1,0.0000011921,0.0000010000,0.0000000000
Busqueda Exponencial Secuencial,5000,214826,0,-1,1,0.0000011921,0.0000010000,0.0000000000
Busqueda Exponencial Secuencial,5000,1843349527,0,-1,1,0.0000009537,0.0000010000,0.0000000000
Busqueda Exponencial Secuencial,5000,1360839354,0,-1,1,0.0000009537,0.0000010000,0.0000000000
Busqueda Exponencial Secuencial,5000,2109248666,0,-1,1,0.0000009537,0.0000010000,0.0000000000
Busqueda Exponencial Secuencial,5000,2147470852,0,-1,1,0.0000009537,0.0000000000,0.0000000000
Busqueda Exponencial Secuencial,5000,0,0,-1,1,0.0000011921,0.0000000000,0.0000000000
Busqueda Exponencial Secuencial,10000,322486,0,-1,1,0.0000009537,0.0000000000,0.0000000000
Busqueda Exponencial Secuencial,10000,14700764,0,-1,1,0.0000009537,0.0000000000,0.0000010000
Busqueda Exponencial Secuencial,10000,3128036,0,-1,1,0.0000009537,0.0000000000,0.0000000000
Busqueda Exponencial Secuencial,10000,6337399,0,-1,1,0.0000009537,0.0000000000,0.0000000000
Busqueda Exponencial Secuencial,10000,61396,0,-1,1,0.0000009537,0.0000010000,0.0000000000
Busqueda Exponencial Secuencial,10000,10393545,0,-1,1,0.0000009537,0.0000000000,0.0000000000
Busqueda Exponencial Secuencial,10000,2147445644,0,-1,1,0.0000009537,0.0000000000,0.0000000000
Busqueda Exponencial Secuencial,10000,1295390003,0,-1,1,0.0000009537,0.0000010000,0.0000000000
Busqueda Exponencial Secuencial,10000,450057883,0,-1,1,0.0000009537,0.0000010000,0.0000010000
Busqueda Exponencial Secuencial,10000,187645041,0,-1,1,0.0000011921,0.0000000000,0.0000010000
Busqueda Exponencial Secuencial,10000,1980098116,0,-1,1,0.0000009537,0.0000000000,0.0000000000
Busqueda Exponencial Secuencial,10000,152503,0,-1,1,0.0000000000,0.0000000000,0.0000000000
Busqueda Exponencial Secuencial,10000,5000,0,-1,1,0.0000009537,0.0000010000,0.0000000000
Busqueda Exponencial Secuencial,10000,1493283650,0,-1,1,0.0000011921,0.0000010000,0.0000000000
Busqueda Exponencial Secuencial,10000,214826,0,-1,1,0.0000009537,0.0000000000,0.0000010000
Busqueda Exponencial Secuencial,10000,1843349527,0,-1,1,0.0000000000,0.0000010000,0.0000000000
Busqueda Exponencial Secuencial,10000,1360839354,0,-1,1,0.0000009537,0.0000000000,0.0000000000
Busqueda Exponencial Secuencial,10000,2109248666,0,-1,1,0.0000000000,0.0000000000,0.0000000000
Busqueda Exponencial Secuencial,10000,2147470852,0,-1,1,0.0000009537,0.0000010000,0.0000000000
Busqueda Exponencial Secuencial,10000,0,0,-1,1,0.0000009537,0.0000010000,0.0000000000
Busqueda Exponencial Secuencial,50000,322486,0,-1,1,0.0000009537,0.0000010000,0.0000000000
Busqueda Exponencial Secuencial,50000,14700764,0,-1,1,0.0000009537,0.0000010000,0.0000000000
Busqueda Exponencial Secuencial,50000,3128036,0,-1,1,0.0000019073,0.0000020000,0.0000000000
Busqueda Exponencial Secuencial,50000,6337399,0,-1,1,0.0000009537,0.0000020000,0.0000000000
Busqueda Exponencial Secuencial,50000,61396,0,-1,1,0.0000009537,0.0000010000,0.0000000000
Busqueda Exponencial Secuencial,50000,10393545,0,-1,1,0.0000019073,0.0000010000,0.0000000000
Busqueda Exponencial Secuencial,50000,2147445644,0,-1,1,0.0000019073,0.0000010000,0.0000000000
Busqueda Exponencial Secuencial,50000,1295390003,0,-1,1,0.0000021458,0.0000020000,0.0000000000
Busqueda Exponencial Secuencial,50000,450057883,0,-1,1,0.0000011921,0.0000010000,0.0000000000
Busqueda Exponencial Secuencial,50000,187645041,0,-1,1,0.0000021458,0.0000020000,0.0000000000
Busqueda Exponencial Secuencial,50000,1980098116,0,-1,1,0.0000009537,0.0000020000,0.0000000000
Busqueda Exponencial Secuencial,50000,152503,0,-1,1,0.0000009537,0.0000010000,0.0000000000
Busqueda Exponencial Secuencial,50000,5000,0,-1,1,0.0000009537,0.0000010000,0.0000000000
Busqueda Exponencial Secuencial,50000,1493283650,0,-1,1,0.0000019073,0.0000010000,0.0000000000
Busqueda Exponencial Secuencial,50000,214826,0,-1,1,0.0000009537,0.0000010000,0.0000000000
Busqueda Exponencial Secuencial,50000,1843349527,0,-1,1,0.0000021458,0.0000010000,0.0000000000
Busqueda Exponencial Secuencial,50000,1360839354,0,-1,1,0.0000009537,0.0000020000,0.0000000000
Busqueda Exponencial Secuencial,50000,2109248666,0,-1,1,0.0000021458,0.0000010000,0.0000000000
Busqueda Exponencial Secuencial,50000,2147470852,0,-1,1,0.0000009537,0.0000010000,0.0000000000
Busqueda Exponencial Secuencial,50000,0,0,-1,1,0.0000009537,0.0000010000,0.0000000000
Busqueda Exponencial Secuencial,100000,322486,0,-1,1,0.0000009537,0.0000010000,0.0000000000
Busqueda Exponencial Secuencial,100000,14700764,0,-1,1,0.0000009537,0.0000010000,0.0000000000
Busqueda Exponencial Secuencial,100000,3128036,0,-1,1,0.0000009537,0.0000010000,0.0000000000
Busqueda Exponencial Secuencial,100000,6337399,0,-1,1,0.0000011921,0.0000010000,0.0000000000
Busqueda Exponencial Secuencial,100000,61396,0,-1,1,0.0000000000,0.0000010000,0.0000000000
Busqueda Exponencial Secuencial,100000,10393545,0,-1,1,0.0000009537,0.0000000000,0.0000000000
Busqueda Exponencial Secuencial,100000,2147445644,0,-1,1,0.0000011921,0.0000010000,0.0000000000
Busqueda Exponencial Secuencial,100000,1295390003,0,-1,1,0.0000009537,0.0000010000,0.0000000000
Busqueda Exponencial Secuencial,100000,450057883,0,-1,1,0.0000009537,0.0000020000,0.0000010000
Busqueda Exponencial Secuencial,100000,187645041,0,-1,1,0.0000190735,0.0000190000,0.0000000000
Busqueda Exponencial Secuencial,100000,1980098116,0,-1,1,0.0000021458,0.0000010000,0.0000000000
Busqueda Exponencial Secuencial,100000,152503,0,-1,1,0.0000009537,0.0000000000,0.0000000000
Busqueda Exponencial Secuencial,100000,5000,0,-1,1,0.0000009537,0.0000010000,0.0000000000
Busqueda Exponencial Secuencial,100000,1493283650,0,-1,1,0.0000021458,0.0000020000,0.0000000000
Busqueda Exponencial Secuencial,100000,214826,0,-1,1,0.0000009537,0.0000010000,0.0000010000
Busqueda Exponencial Secuencial,100000,1843349527,0,-1,1,0.0000240803,0.0000230000,0.0000010000
Busqueda Exponencial Secuencial,100000,1360839354,0,-1,1,0.0000009537,0.0000020000,0.0000000000
Busqueda Exponencial Secuencial,100000,2109248666,0,-1,1,0.0000019073,0.0000020000,0.0000000000
Busqueda Exponencial Secuencial,100000,2147470852,0,-1,1,0.0000000000,0.0000010000,0.0000000000
Busqueda Exponencial Secuencial,100000,0,0,-1,1,0.0000000000,0.0000010000,0.0000000000
Busqueda Exponencial Secuencial,500000,322486,0,-1,1,0.0000011921,0.0000010000,0.0000000000
Busqueda Exponencial Secuencial,500000,14700764,0,-1,1,0.0000009537,0.0000010000,0.0000000000
Busqueda Exponencial Secuencial,500000,3128036,0,-1,1,0.0000000000,0.0000010000,0.0000000000
Busqueda Exponencial Secuencial,500000,6337399,0,-1,1,0.0000009537,0.0000010000,0.0000000000
Busqueda Exponencial Secuencial,500000,61396,0,-1,1,0.0000009537,0.0000010000,0.0000000000
Busqueda Exponencial Secuencial,500000,10393545,0,-1,1,0.0000009537,0.0000010000,0.0000000000
Busqueda Exponencial Secuencial,500000,2147445644,0,-1,1,0.0000009537,0.0000010000,0.0000000000
Busqueda Exponencial Secuencial,500000,1295390003,0,-1,1,0.0000009537,0.0000010000,0.0000000000
Busqueda Exponencial Secuencial,500000,450057883,0,-1,1,0.0000009537,0.0000010000,0.0000000000
Busqueda Exponencial Secuencial,500000,187645041,0,-1,1,0.0000011921,0.0000010000,0.0000000000
Busqueda Exponencial Secuencial,500000,1980098116,0,-1,1,0.0000009537,0.0000010000,0.0000000000
Busqueda Exponencial Secuencial,500000,152503,0,-1,1,0.0000009537,0.0000010000,0.0000000000
Busqueda Exponencial Secuencial,500000,5000,0,-1,1,0.0000009537,0.0000010000,0.0000000000
Busqueda Exponencial Secuencial,500000,1493283650,0,-1,1,0.0000011921,0.0000010000,0.0000000000
Busqueda Exponencial Secuencial,500000,214826,0,-1,1,0.0000011921,0.0000010000,0.0000000000
Busqueda Exponencial Secuencial,500000,1843349527,0,-1,1,0.0000009537,0.0000010000,0.0000000000
Busqueda Exponencial Secuencial,500000,1360839354,0,-1,1,0.0000019073,0.0000020000,0.0000000000
Busqueda Exponencial Secuencial,500000,2109248666,0,-1,1,0.0000011921,0.0000010000,0.0000000000
Busqueda Exponencial Secuencial,500000,2147470852,0,-1,1,0.0000009537,0.0000010000,0.0000000000
Busqueda Exponencial Secuencial,500000,0,0,-1,1,0.0000000000,0.0000000000,0.0000000000
Busqueda Exponencial Secuencial,1000000,322486,0,-1,1,0.0000009537,0.0000010000,0.0000000000
Busqueda Exponencial Secuencial,1000000,14700764,0,-1,1,0.0000019073,0.0000010000,0.0000000000
Busqueda Exponencial Secuencial,1000000,3128036,0,-1,1,0.0000009537,0.0000010000,0.0000000000
Busqueda Exponencial Secuencial,1000000,6337399,0,-1,1,0.0000009537,0.0000010000,0.0000000000
Busqueda Exponencial Secuencial,1000000,61396,0,-1,1,0.0000011921,0.0000000000,0.0000000000
Busqueda Exponencial Secuencial,1000000,10393545,0,-1,1,0.0000009537,0.0000010000,0.0000000000
Busqueda Exponencial Secuencial,1000000,2147445644,0,-1,1,0.0000009537,0.0000010000,0.0000000000
Busqueda Exponencial Secuencial,1000000,1295390003,0,-1,1,0.0000009537,0.0000010000,0.0000000000
Busqueda Exponencial Secuencial,1000000,450057883,0,-1,1,0.0000009537,0.0000010000,0.0000000000
Busqueda Exponencial Secuencial,1000000,187645041,0,-1,1,0.0000009537,0.0000010000,0.0000000000
Busqueda Exponencial Secuencial,1000000,1980098116,0,-1,1,0.0000009537,0.0000010000,0.0000000000
Busqueda Exponencial Secuencial,1000000,152503,0,-1,1,0.0000009537,0.0000200000,0.0000000000
Busqueda Exponencial Secuencial,1000000,5000,0,-1,1,0.0000011921,0.0000010000,0.0000000000
Busqueda Exponencial Secuencial,1000000,1493283650,1,694431,1,0.0000019073,0.0000010000,0.0000000000
Busqueda Exponencial Secuencial,1000000,214826,0,-1,1,0.0000000000,0.0000000000,0.0000000000
Busqueda Exponencial Secuencial,1000000,1843349527,0,-1,1,0.0000009537,0.0000010000,0.0000000000
Busqueda Exponencial Secuencial,1000000,1360839354,0,-1,1,0.0000019073,0.0000010000,0.0000000000
Busqueda Exponencial Secuencial,1000000,2109248666,0,-1,1,0.0000169277,0.0000010000,0.0000000000
Busqueda Exponencial Secuencial,1000000,2147470852,0,-1,1,0.0000011921,0.0000010000,0.0000000000
Busqueda Exponencial Secuencial,1000000,0,0,-1,1,0.0000009537,0.0000010000,0.0000000000
Busqueda Exponencial Secuencial,5000000,322486,0,-1,1,0.0000009537,0.0000010000,0.0000000000
Busqueda Exponencial Secuencial,5000000,14700764,0,-1,1,0.0000021458,0.0000010000,0.0000000000
Busqueda Exponencial Secuencial,5000000,3128036,1,7394,1,0.0000009537,0.0000010000,0.0000000000
Busqueda Exponencial Secuencial,5000000,6337399,0,-1,1,0.0000011921,0.0000010000,0.0000000000
Busqueda Exponencial Secuencial,5000000,61396,0,-1,1,0.0000009537,0.0000010000,0.0000000000
Busqueda Exponencial Secuencial,5000000,10393545,0,-1,1,0.0000011921,0.0000020000,0.0000000000
Busqueda Exponencial Secuencial,5000000,2147445644,0,-1,1,0.0000019073,0.0000010000,0.0000000000
Busqueda Exponencial Secuencial,5000000,1295390003,0,-1,1,0.0000009537,0.0000010000,0.0000000000
Busqueda Exponencial Secuencial,5000000,450057883,0,-1,1,0.0000021458,0.0000010000,0.0000000000
Busqueda Exponencial Secuencial,5000000,187645041,0,-1,1,0.0000019073,0.0000020000,0.0000000000
Busqueda Exponencial Secuencial,5000000,1980098116,0,-1,1,0.0000019073,0.0000010000,0.0000000000
Busqueda Exponencial Secuencial,5000000,152503,0,-1,1,0.0000009537,0.0000010000,0.0000000000
Busqueda Exponencial Secuencial,5000000,5000,0,-1,1,0.0000009537,0.0000010000,0.0000000000
Busqueda Exponencial Secuencial,5000000,1493283650,1,3475906,1,0.0000021458,0.0000020000,0.0000000000
Busqueda Exponencial Secuencial,5000000,214826,0,-1,1,0.0000000000,0.0000010000,0.0000000000
Busqueda Exponencial Secuencial,5000000,1843349527,1,4291037,1,0.0000009537,0.0000010000,0.0000000000
Busqueda Exponencial Secuencial,5000000,1360839354,0,-1,1,0.0000021458,0.0000020000,0.0000000000
Busqueda Exponencial Secuencial,5000000,2109248666,0,-1,1,0.0000009537,0.0000010000,0.0000000000
Busqueda Exponencial Secuencial,5000000,2147470852,0,-1,1,0.0000009537,0.0000010000,0.0000000000
Busqueda Exponencial Secuencial,5000000,0,0,-1,1,0.0000009537,0.0000000000,0.0000000000
Busqueda Exponencial Secuencial,10000000,322486,1,1611,1,0.0000009537,0.0000020000,0.0000000000
Busqueda Exponencial Secuencial,10000000,14700764,0,-1,1,0.0000019073,0.0000020000,0.0000000000
Busqueda Exponencial Secuencial,10000000,3128036,1,14725,1,0.0000011921,0.0000010000,0.0000000000
Busqueda Exponencial Secuencial,10000000,6337399,1,29544,1,0.0000009537,0.0000020000,0.0000000000
Busqueda Exponencial Secuencial,10000000,61396,0,-1,1,0.0000011921,0.0000010000,0.0000000000
Busqueda Exponencial Secuencial,10000000,10393545,1,48374,1,0.0000021458,0.0000010000,0.0000000000
Busqueda Exponencial Secuencial,10000000,2147445644,0,-1,1,0.0000009537,0.0000010000,0.0000000000
Busqueda Exponencial Secuencial,10000000,1295390003,1,6031093,1,0.0000209808,0.0000210000,0.0000000000
Busqueda Exponencial Secuencial,10000000,450057883,0,-1,1,0.0000019073,0.0000020000,0.0000000000
Busqueda Exponencial Secuencial,10000000,187645041,0,-1,1,0.0000021458,0.0000020000,0.0000000000
Busqueda Exponencial Secuencial,10000000,1980098116,0,-1,1,0.0000009537,0.0000020000,0.0000000000
Busqueda Exponencial Secuencial,10000000,152503,0,-1,1,0.0000000000,0.0000010000,0.0000000000
Busqueda Exponencial Secuencial,10000000,5000,0,-1,1,0.0000009537,0.0000010000,0.0000000000
Busqueda Exponencial Secuencial,10000000,1493283650,1,6952607,1,0.0000019073,0.0000020000,0.0000000000
Busqueda Exponencial Secuencial,10000000,214826,0,-1,1,0.0000009537,0.0000000000,0.0000000000
Busqueda Exponencial Secuencial,10000000,1843349527,1,8582390,1,0.0000021458,0.0000020000,0.0000000000
Busqueda Exponencial Secuencial,10000000,1360839354,0,-1,1,0.0000019073,0.0000020000,0.0000000000
Busqueda Exponencial Secuencial,10000000,2109248666,1,9822539,1,0.0000011921,0.0000020000,0.0000000000
Busqueda Exponencial Secuencial,10000000,2147470852,1,9999942,1,0.0000009537,0.0000010000,0.0000000000
Busqueda Exponencial Secuencial,10000000,0,0,-1,1,0.0000000000,0.0000010000,0.0000000000
Busqueda Fibonacci Secuencial,1000,322486,0,-1,1,0.0000011921,0.0000000000,0.0000010000
Busqueda Fibonacci Secuencial,1000,14700764,0,-1,1,0.0000009537,0.0000000000,0.0000010000
Busqueda Fibonacci Secuencial,1000,3128036,0,-1,1,0.0000009537,0.0000000000,0.0000010000
Busqueda Fibonacci Secuencial,1000,6337399,0,-1,1,0.0000011921,0.0000000000,0.0000140000
Busqueda Fibonacci Secuencial,1000,61396,0,-1,1,0.0000009537,0.0000000000,0.0000010000
Busqueda Fibonacci Secuencial,1000,10393545,0,-1,1,0.0000000000,0.0000000000,0.0000000000
Busqueda Fibonacci Secuencial,1000,2147445644,0,-1,1,0.0000009537,0.0000000000,0.0000010000
Busqueda Fibonacci Secuencial,1000,1295390003,0,-1,1,0.0000009537,0.0000000000,0.0000010000
Busqueda Fibonacci Secuencial,1000,450057883,0,-1,1,0.0000009537,0.0000000000,0.0000010000
Busqueda Fibonacci Secuencial,1000,187645041,0,-1,1,0.0000009537,0.0000000000,0.0000010000
Busqueda Fibonacci Secuencial,1000,1980098116,0,-1,1,0.0000011921,0.0000000000,0.0000010000
Busqueda Fibonacci Secuencial,1000,152503,0,-1,1,0.0000009537,0.0000000000,0.0000010000
Busqueda Fibonacci Secuencial,1000,5000,0,-1,1,0.0000009537,0.0000000000,0.0000010000
Busqueda Fibonacci Secuencial,1000,1493283650,0,-1,1,0.0000009537,0.0000000000,0.0000010000
Busqueda Fibonacci Secuencial,1000,214826,0,-1,1,0.0000009537,0.0000000000,0.0000010000
Busqueda Fibonacci Secuencial,1000,1843349527,0,-1,1,0.0000009537,0.0000000000,0.0000010000
Busqueda Fibonacci Secuencial,1000,1360839354,0,-1,1,0.0000009537,0.0000000000,0.0000010000
Busqueda Fibonacci Secuencial,1000,2109248666,0,-1,1,0.0000009537,0.0000000000,0.0000010000
Busqueda Fibonacci Secuencial,1000,2147470852,0,-1,1,0.0000000000,0.0000000000,0.0000000000
Busqueda Fibonacci Secuencial,1000,0,0,-1,1,0.0000000000,0.0000000000,0.0000010000
Busqueda Fibonacci Secuencial,5000,322486,0,-1,1,0.0000000000,0.0000010000,0.0000000000
Busqueda Fibonacci Secuencial,5000,14700764,0,-1,1,0.0000011921,0.0000010000,0.0000000000
Busqueda Fibonacci Secuencial,5000,3128036,0,-1,1,0.0000009537,0.0000010000,0.0000000000
Busqueda Fibonacci Secuencial,5000,6337399,0,-1,1,0.0000000000,0.0000010000,0.0000000000
Busqueda Fibonacci Secuencial,5000,61396,0,-1,1,0.0000009537,0.0000000000,0.0000000000
Busqueda Fibonacci Secuencial,5000,10393545,0,-1,1,0.0000009537,0.0000010000,0.0000000000
Busqueda Fibonacci Secuencial,5000,2147445644,0,-1,1,0.0000009537,0.0000010000,0.0000000000
Busqueda Fibonacci Secuencial,5000,1295390003,0,-1,1,0.0000011921,0.0000010000,0.0000000000
Busqueda Fibonacci Secuencial,5000,450057883,0,-1,1,0.0000009537,0.0000010000,0.0000000000
Busqueda Fibonacci Secuencial,5000,187645041,0,-1,1,0.0000009537,0.0000010000,0.0000000000
Busqueda Fibonacci Secuencial,5000,1980098116,0,-1,1,0.0000011921,0.0000010000,0.0000000000
Busqueda Fibonacci Secuencial,5000,152503,0,-1,1,0.0000009537,0.0000010000,0.0000000000
Busqueda Fibonacci Secuencial,5000,5000,0,-1,1,0.0000009537,0.0000010000,0.0000000000
Busqueda Fibonacci Secuencial,5000,1493283650,0,-1,1,0.0000009537,0.0000010000,0.0000000000
Busqueda Fibonacci Secuencial,5000,214826,0,-1,1,0.0000000000,0.0000010000,0.0000000000
Busqueda Fibonacci Secuencial,5000,1843349527,0,-1,1,0.0000011921,0.0000010000,0.0000000000
Busqueda Fibonacci Secuencial,5000,1360839354,0,-1,1,0.0000009537,0.0000000000,0.0000000000
Busqueda Fibonacci Secuencial,5000,2109248666,0,-1,1,0.0000009537,0.0000010000,0.0000000000
Busqueda Fibonacci Secuencial,5000,2147470852,0,-1,1,0.0000009537,0.0000010000,0.0000000000
Busqueda Fibonacci Secuencial,5000,0,0,-1,1,0.0000009537,0.0000010000,0.0000000000
Busqueda Fibonacci Secuencial,10000,322486,0,-1,1,0.0000011921,0.0000010000,0.0000000000
Busqueda Fibonacci Secuencial,10000,14700764,0,-1,1,0.0000009537,0.0000010000,0.0000000000
Busqueda Fibonacci Secuencial,10000,3128036,0,-1,1,0.0000009537,0.0000010000,0.0000000000
Busqueda Fibonacci Secuencial,10000,6337399,0,-1,1,0.0000009537,0.0000000000,0.0000010000
Busqueda Fibonacci Secuencial,10000,61396,0,-1,1,0.0000009537,0.0000000000,0.0000010000
Busqueda Fibonacci Secuencial,10000,10393545,0,-1,1,0.0000009537,0.0000000000,0.0000010000
Busqueda Fibonacci Secuencial,10000,2147445644,0,-1,1,0.0000169277,0.0000000000,0.0000010000
Busqueda Fibonacci Secuencial,10000,1295390003,0,-1,1,0.0000009537,0.0000000000,0.0000010000
Busqueda Fibonacci Secuencial,10000,450057883,0,-1,1,0.0000009537,0.0000000000,0.0000010000
Busqueda Fibonacci Secuencial,10000,187645041,0,-1,1,0.0000021458,0.0000000000,0.0000010000
Busqueda Fibonacci Secuencial,10000,1980098116,0,-1,1,0.0000009537,0.0000000000,0.0000010000
Busqueda Fibonacci Secuencial,10000,152503,0,-1,1,0.0000011921,0.0000000000,0.0000010000
Busqueda Fibonacci Secuencial,10000,5000,0,-1,1,0.0000009537,0.0000000000,0.0000000000
Busqueda Fibonacci Secuencial,10000,1493283650,0,-1,1,0.0000009537,0.0000000000,0.0000010000
Busqueda Fibonacci Secuencial,10000,214826,0,-1,1,0.0000009537,0.0000000000,0.0000010000
Busqueda Fibonacci Secuencial,10000,1843349527,0,-1,1,0.0000000000,0.0000000000,0.0000010000
Busqueda Fibonacci Secuencial,10000,1360839354,0,-1,1,0.0000009537,0.0000000000,0.0000000000
Busqueda Fibonacci Secuencial,10000,2109248666,0,-1,1,0.0000009537,0.0000000000,0.0000010000
Busqueda Fibonacci Secuencial,10000,2147470852,0,-1,1,0.0000019073,0.0000000000,0.0000020000
Busqueda Fibonacci Secuencial,10000,0,0,-1,1,0.0000009537,0.0000000000,0.0000010000
Busqueda Fibonacci Secuencial,50000,322486,0,-1,1,0.0000009537,0.0000010000,0.0000000000
Busqueda Fibonacci Secuencial,50000,14700764,0,-1,1,0.0000019073,0.0000010000,0.0000010000
Busqueda Fibonacci Secuencial,50000,3128036,0,-1,1,0.0000009537,0.0000010000,0.0000000000
Busqueda Fibonacci Secuencial,50000,6337399,0,-1,1,0.0000009537,0.0000010000,0.0000000000
Busqueda Fibonacci Secuencial,50000,61396,0,-1,1,0.0000009537,0.0000010000,0.0000000000
Busqueda Fibonacci Secuencial,50000,10393545,0,-1,1,0.0000009537,0.0000010000,0.0000000000
Busqueda Fibonacci Secuencial,50000,2147445644,0,-1,1,0.0000021458,0.0000020000,0.0000000000
Busqueda Fibonacci Secuencial,50000,1295390003,0,-1,1,0.0000009537,0.0000020000,0.0000000000
Busqueda Fibonacci Secuencial,50000,450057883,0,-1,1,0.0000009537,0.0000020000,0.0000000000
Busqueda Fibonacci Secuencial,50000,187645041,0,-1,1,0.0000021458,0.0000010000,0.0000000000
Busqueda Fibonacci Secuencial,50000,1980098116,0,-1,1,0.0000011921,0.0000010000,0.0000010000
Busqueda Fibonacci Secuencial,50000,152503,0,-1,1,0.0000021458,0.0000010000,0.0000000000
Busqueda Fibonacci Secuencial,50000,5000,0,-1,1,0.0000011921,0.0000010000,0.0000000000
Busqueda Fibonacci Secuencial,50000,1493283650,0,-1,1,0.0000009537,0.0000010000,0.0000000000
Busqueda Fibonacci Secuencial,50000,214826,0,-1,1,0.0000009537,0.0000010000,0.0000000000
Busqueda Fibonacci Secuencial,50000,1843349527,0,-1,1,0.0000009537,0.0000010000,0.0000000000
Busqueda Fibonacci Secuencial,50000,1360839354,0,-1,1,0.0000009537,0.0000000000,0.0000010000
Busqueda Fibonacci Secuencial,50000,2109248666,0,-1,1,0.0000009537,0.0000000000,0.0000020000
Busqueda Fibonacci Secuencial,50000,2147470852,0,-1,1,0.0000011921,0.0000000000,0.0000020000
Busqueda Fibonacci Secuencial,50000,0,0,-1,1,0.0000009537,0.0000000000,0.0000020000
Busqueda Fibonacci Secuencial,100000,322486,0,-1,1,0.0000009537,0.0000010000,0.0000000000
Busqueda Fibonacci Secuencial,100000,14700764,0,-1,1,0.0000009537,0.0000010000,0.0000000000
Busqueda Fibonacci Secuencial,100000,3128036,0,-1,1,0.0000009537,0.0000010000,0.0000000000
Busqueda Fibonacci Secuencial,100000,6337399,0,-1,1,0.0000011921,0.0000010000,0.0000000000
Busqueda Fibonacci Secuencial,100000,61396,0,-1,1,0.0000009537,0.0000010000,0.0000000000
Busqueda Fibonacci Secuencial,100000,10393545,0,-1,1,0.0000009537,0.0000010000,0.0000000000
Busqueda Fibonacci Secuencial,100000,2147445644,0,-1,1,0.0000011921,0.0000010000,0.0000000000
Busqueda Fibonacci Secuencial,100000,1295390003,0,-1,1,0.0000011921,0.0000010000,0.0000000000
Busqueda Fibonacci Secuencial,100000,450057883,0,-1,1,0.0000009537,0.0000020000,0.0000000000
Busqueda Fibonacci Secuencial,100000,187645041,0,-1,1,0.0000009537,0.0000010000,0.0000000000
Busqueda Fibonacci Secuencial,100000,1980098116,0,-1,1,0.0000009537,0.0000010000,0.0000000000
Busqueda Fibonacci Secuencial,100000,152503,0,-1,1,0.0000009537,0.0000010000,0.0000000000
Busqueda Fibonacci Secuencial,100000,5000,0,-1,1,0.0000011921,0.0000000000,0.0000000000
Busqueda Fibonacci Secuencial,100000,1493283650,0,-1,1,0.0000009537,0.0000010000,0.0000000000
Busqueda Fibonacci Secuencial,100000,214826,0,-1,1,0.0000009537,0.0000010000,0.0000000000
Busqueda Fibonacci Secuencial,100000,1843349527,0,-1,1,0.0000009537,0.0000010000,0.0000000000
Busqueda Fibonacci Secuencial,100000,1360839354,0,-1,1,0.0000009537,0.0000010000,0.0000000000
Busqueda Fibonacci Secuencial,100000,2109248666,0,-1,1,0.0000011921,0.0000010000,0.0000000000
Busqueda Fibonacci Secuencial,100000,2147470852,0,-1,1,0.0000009537,0.0000010000,0.0000000000
Busqueda Fibonacci Secuencial,100000,0,0,-1,1,0.0000000000,0.0000010000,0.0000000000
Busqueda Fibonacci Secuencial,500000,322486,0,-1,1,0.0000009537,0.0000020000,0.0000000000
Busqueda Fibonacci Secuencial,500000,14700764,0,-1,1,0.0000011921,0.0000010000,0.0000000000
Busqueda Fibonacci Secuencial,500000,3128036,0,-1,1,0.0000009537,0.0000010000,0.0000000000
Busqueda Fibonacci Secuencial,500000,6337399,0,-1,1,0.0000009537,0.0000010000,0.0000000000
Busqueda Fibonacci Secuencial,500000,61396,0,-1,1,0.0000009537,0.0000000000,0.0000000000
Busqueda Fibonacci Secuencial,500000,10393545,0,-1,1,0.0000009537,0.0000010000,0.0000000000
Busqueda Fibonacci Secuencial,500000,2147445644,0,-1,1,0.0000011921,0.0000010000,0.0000000000
Busqueda Fibonacci Secuencial,500000,1295390003,0,-1,1,0.0000009537,0.0000010000,0.0000000000
Busqueda Fibonacci Secuencial,500000,450057883,0,-1,1,0.0000019073,0.0000010000,0.0000000000
Busqueda Fibonacci Secuencial,500000,187645041,0,-1,1,0.0000009537,0.0000020000,0.0000000000
Busqueda Fibonacci Secuencial,500000,1980098116,0,-1,1,0.0000009537,0.0000010000,0.0000000000
Busqueda Fibonacci Secuencial,500000,152503,0,-1,1,0.0000009537,0.0000000000,0.0000000000
Busqueda Fibonacci Secuencial,500000,5000,0,-1,1,0.0000009537,0.0000010000,0.0000000000
Busqueda Fibonacci Secuencial,500000,1493283650,0,-1,1,0.0000009537,0.0000010000,0.0000000000
Busqueda Fibonacci Secuencial,500000,214826,0,-1,1,0.0000009537,0.0000010000,0.0000000000
Busqueda Fibonacci Secuencial,500000,1843349527,0,-1,1,0.0000009537,0.0000010000,0.0000000000
Busqueda Fibonacci Secuencial,500000,1360839354,0,-1,1,0.0000019073,0.0000010000,0.0000000000
Busqueda Fibonacci Secuencial,500000,2109248666,0,-1,1,0.0000011921,0.0000010000,0.0000000000
Busqueda Fibonacci Secuencial,500000,2147470852,0,-1,1,0.0000009537,0.0000010000,0.0000000000
Busqueda Fibonacci Secuencial,500000,0,0,-1,1,0.0000000000,0.0000010000,0.0000000000
Busqueda Fibonacci Secuencial,1000000,322486,0,-1,1,0.0000019073,0.0000020000,0.0000000000
Busqueda Fibonacci Secuencial,1000000,14700764,0,-1,1,0.0000011921,0.0000010000,0.0000000000
Busqueda Fibonacci Secuencial,1000000,3128036,0,-1,1,0.0000009537,0.0000010000,0.0000000000
Busqueda Fibonacci Secuencial,1000000,6337399,0,-1,1,0.0000009537,0.0000000000,0.0000010000
Busqueda Fibonacci Secuencial,1000000,61396,0,-1,1,0.0000009537,0.0000000000,0.0000010000
Busqueda Fibonacci Secuencial,1000000,10393545,0,-1,1,0.0000009537,0.0000000000,0.0000020000
Busqueda Fibonacci Secuencial,1000000,2147445644,0,-1,1,0.0000009537,0.0000000000,0.0000150000
Busqueda Fibonacci Secuencial,1000000,1295390003,0,-1,1,0.0000021458,0.0000000000,0.0000010000
Busqueda Fibonacci Secuencial,1000000,450057883,0,-1,1,0.0000011921,0.0000000000,0.0000020000
Busqueda Fibonacci Secuencial,1000000,187645041,0,-1,1,0.0000009537,0.0000000000,0.0000020000
Busqueda Fibonacci Secuencial,1000000,1980098116,0,-1,1,0.0000009537,0.0000000000,0.0000010000
Busqueda Fibonacci Secuencial,1000000,152503,0,-1,1,0.0000009537,0.0000000000,0.0000010000
Busqueda Fibonacci Secuencial,1000000,5000,0,-1,1,0.0000009537,0.0000000000,0.0000010000
Busqueda Fibonacci Secuencial,1000000,1493283650,1,694431,1,0.0000009537,0.0000000000,0.0000010000
Busqueda Fibonacci Secuencial,1000000,214826,0,-1,1,0.0000009537,0.0000000000,0.0000010000
Busqueda Fibonacci Secuencial,1000000,1843349527,0,-1,1,0.0000009537,0.0000000000,0.0000010000
Busqueda Fibonacci Secuencial,1000000,1360839354,0,-1,1,0.0000019073,0.0000000000,0.0000020000
Busqueda Fibonacci Secuencial,1000000,2109248666,0,-1,1,0.0000009537,0.0000000000,0.0000010000
Busqueda Fibonacci Secuencial,1000000,2147470852,0,-1,1,0.0000000000,0.0000000000,0.0000010000
Busqueda Fibonacci Secuencial,1000000,0,0,-1,1,0.0000009537,0.0000000000,0.0000010000
Busqueda Fibonacci Secuencial,5000000,322486,0,-1,1,0.0000019073,0.0000020000,0.0000000000
Busqueda Fibonacci Secuencial,5000000,14700764,0,-1,1,0.0000009537,0.0000020000,0.0000000000
Busqueda Fibonacci Secuencial,5000000,3128036,1,7394,1,0.0000009537,0.0000010000,0.0000000000
Busqueda Fibonacci Secuencial,5000000,6337399,0,-1,1,0.0000009537,0.0000010000,0.0000000000
Busqueda Fibonacci Secuencial,5000000,61396,0,-1,1,0.0000009537,0.0000010000,0.0000000000
Busqueda Fibonacci Secuencial,5000000,10393545,0,-1,1,0.0000140667,0.0000020000,0.0000000000
Busqueda Fibonacci Secuencial,5000000,2147445644,0,-1,1,0.0000009537,0.0000010000,0.0000000000
Busqueda Fibonacci Secuencial,5000000,1295390003,0,-1,1,0.0000021458,0.0000020000,0.0000000000
Busqueda Fibonacci Secuencial,5000000,450057883,0,-1,1,0.0000019073,0.0000010000,0.0000000000
Busqueda Fibonacci Secuencial,5000000,187645041,0,-1,1,0.0000021458,0.0000020000,0.0000000000
Busqueda Fibonacci Secuencial,5000000,1980098116,0,-1,1,0.0000021458,0.0000020000,0.0000000000
Busqueda Fibonacci Secuencial,5000000,152503,0,-1,1,0.0000011921,0.0000010000,0.0000000000
Busqueda Fibonacci Secuencial,5000000,5000,0,-1,1,0.0000009537,0.0000000000,0.0000000000
Busqueda Fibonacci Secuencial,5000000,1493283650,1,3475906,1,0.0000021458,0.0000020000,0.0000000000
Busqueda Fibonacci Secuencial,5000000,214826,0,-1,1,0.0000009537,0.0000010000,0.0000000000
Busqueda Fibonacci Secuencial,5000000,1843349527,1,4291037,1,0.0000021458,0.0000020000,0.0000000000
Busqueda Fibonacci Secuencial,5000000,1360839354,0,-1,1,0.0000019073,0.0000020000,0.0000000000
Busqueda Fibonacci Secuencial,5000000,2109248666,0,-1,1,0.0000009537,0.0000020000,0.0000000000
Busqueda Fibonacci Secuencial,5000000,2147470852,0,-1,1,0.0000009537,0.0000010000,0.0000000000
Busqueda Fibonacci Secuencial,5000000,0,0,-1,1,0.0000009537,0.0000000000,0.0000000000
Busqueda Fibonacci Secuencial,10000000,322486,1,1611,1,0.0000009537,0.0000020000,0.0000000000
Busqueda Fibonacci Secuencial,10000000,14700764,0,-1,1,0.0000019073,0.0000010000,0.0000000000
Busqueda Fibonacci Secuencial,10000000,3128036,1,14725,1,0.0000011921,0.0000010000,0.0000000000
Busqueda Fibonacci Secuencial,10000000,6337399,1,29544,1,0.0000019073,0.0000010000,0.0000000000
Busqueda Fibonacci Secuencial,10000000,61396,0,-1,1,0.0000009537,0.0000010000,0.0000000000
Busqueda Fibonacci Secuencial,10000000,10393545,1,48374,1,0.0000011921,0.0000010000,0.0000000000
Busqueda Fibonacci Secuencial,10000000,2147445644,0,-1,1,0.0000009537,0.0000010000,0.0000000000
Busqueda Fibonacci Secuencial,10000000,1295390003,1,6031093,1,0.0000009537,0.0000010000,0.0000000000
Busqueda Fibonacci Secuencial,10000000,450057883,0,-1,1,0.0000019073,0.0000020000,0.0000000000
Busqueda Fibonacci Secuencial,10000000,187645041,0,-1,1,0.0000009537,0.0000010000,0.0000000000
Busqueda Fibonacci Secuencial,10000000,1980098116,0,-1,1,0.0000009537,0.0000010000,0.0000000000
Busqueda Fibonacci Secuencial,10000000,152503,0,-1,1,0.0000009537,0.0000010000,0.0000000000
Busqueda Fibonacci Secuencial,10000000,5000,0,-1,1,0.0000011921,0.0000010000,0.0000000000
Busqueda Fibonacci Secuencial,10000000,1493283650,1,6952607,1,0.0000009537,0.0000010000,0.0000000000
Busqueda Fibonacci Secuencial,10000000,214826,0,-1,1,0.0000009537,0.0000010000,0.0000000000
Busqueda Fibonacci Secuencial,10000000,1843349527,1,8582390,1,0.0000021458,0.0000020000,0.0000000000
Busqueda Fibonacci Secuencial,10000000,1360839354,0,-1,1,0.0000009537,0.0000010000,0.0000000000
Busqueda Fibonacci Secuencial,10000000,2109248666,1,9822539,1,0.0000009537,0.0000010000,0.0000000000
Busqueda Fibonacci Secuencial,10000000,2147470852,1,9999942,1,0.0000009537,0.0000010000,0.0000000000
Busqueda Fibonacci Secuencial,10000000,0,0,-1,1,0.0000011921,0.0000010000,0.0000000000
